NaN,0,0,0,0,0,0,0,0,0,0,0,0,0,0,0,0,0,0,0,0,0,0,0,0,0,0,0,0,0,0,0,0,0,0,0,0,0,0,0,0,0,0,0,0,0,0,0,0,0,0,0,0,0,0,0,0,0,0,0,0,0,0,0,0,0,0,0,0,0,0,0,0,0,0,0,0,0,0,0,0,0,0,0,0,0,0,0,0,0,0,0,0,0,0,0,0,0,0,0
0,0,0,0,0,0,0,0,0,0,0,0,0,0,0,0,0,0,0,0,0,0,0,0,0,0,0,0,0,0,0,0,0,0,0,0,0,0,0,0,0,0,0,0,0,0,0,0,0,0,0,0,0,0,0,0,0,0,0,0,0,0,0,0,0,0,0,0,0,0,0,0,0,0,0,0,0,0,0,0,0,0,0,0,0,0,0,0,0,0,0,0,0,0,0,0,0,0,0,0
0,0,0,0,0,0,0,0,0,0,0,0,0,0,0,0,0,0,0,0,0,0,0,0,0,0,0,0,0,0,0,0,0,0,0,0,0,0,0,0,0,0,0,0,0,0,0,0,0,0,0,0,0,0,0,0,0,0,0,0,0,0,0,0,0,0,0,0,0,0,0,0,0,0,0,0,0,0,0,0,0,0,0,0,0,0,0,0,0,0,0,0,0,0,0,0,0,0,0,0
0,0,0,0,0,0,0,0,0,0,0,0,0,0,0,0,0,0,0,0,0,0,0,0,0,0,0,0,0,0,0,0,0,0,0,0,0,0,0,0,0,0,0,0,0,0,0,0,0,0,0,0,0,0,0,0,0,0,0,0,0,0,0,0,0,0,0,0,0,0,0,0,0,0,0,0,0,0,0,0,0,0,0,0,0,0,0,0,0,0,0,0,0,0,0,0,0,0,0,0
0,0,0,0,0,0,0,0,0,0,0,0,0,0,0,0,0,0,0,0,0,0,0,0,0,0,0,0,0,0,0,0,0,0,0,0,0,0,0,0,0,0,0,0,0,0,0,0,0,0,0,0,0,0,0,0,0,0,0,0,0,0,0,0,0,0,0,0,0,0,0,0,0,0,0,0,0,0,0,0,0,0,0,0,0,0,0,0,0,0,0,0,0,0,0,0,0,0,0,0
0,0,0,0,0,0,0,0,0,0,0,0,0,0,0,0,0,0,0,0,0,0,0,0,0,0,0,0,0,0,0,0,0,0,0,0,0,0,0,0,0,0,0,0,0,0,0,0,0,0,0,0,0,0,0,0,0,0,0,0,0,0,0,0,0,0,0,0,0,0,0,0,0,0,0,0,0,0,0,0,0,0,0,0,0,0,0,0,0,0,0,0,0,0,0,0,0,0,0,0
0,0,0,0,0,0,0,0,0,0,0,0,0,0,0,0,0,0,0,0,0,0,0,0,0,0,0,0,0,0,0,0,0,0,0,0,0,0,0,0,0,0,0,0,0,0,0,0,0,0,0,0,0,0,0,0,0,0,0,0,0,0,0,0,0,0,0,0,0,0,0,0,0,0,0,0,0,0,0,0,0,0,0,0,0,0,0,0,0,0,0,0,0,0,0,0,0,0,0,0
0,0,0,0,0,0,0,0,0,0,0,0,0,0,0,0,0,0,0,0,0,0,0,0,0,0,0,0,0,0,0,0,0,0,0,0,0,0,0,0,0,0,0,0,0,0,0,0,0,0,0,0,0,0,0,0,0,0,0,0,0,0,0,0,0,0,0,0,0,0,0,0,0,0,0,0,0,0,0,0,0,0,0,0,0,0,0,0,0,0,0,0,0,0,0,0,0,0,0,0
0,0,0,0,0,0,0,0,0,0,0,0,0,0,0,0,0,0,0,0,0,0,0,0,0,0,0,0,0,0,0,0,0,0,0,0,0,0,0,0,0,0,0,0,0,0,0,0,0,0,0,0,0,0,0,0,0,0,0,0,0,0,0,0,0,0,0,0,0,0,0,0,0,0,0,0,0,0,0,0,0,0,0,0,0,0,0,0,0,0,0,0,0,0,0,0,0,0,0,0
0,0,0,0,0,0,0,0,0,0,0,0,0,0,0,0,0,0,0,0,0,0,0,0,0,0,0,0,0,0,0,0,0,0,0,0,0,0,0,0,0,0,0,0,0,0,0,0,0,0,0,0,0,0,0,0,0,0,0,0,0,0,0,0,0,0,0,0,0,0,0,0,0,0,0,0,0,0,0,0,0,0,0,0,0,0,0,0,0,0,0,0,0,0,0,0,0,0,0,0
0,0,0,0,0,0,0,0,0,0,0,0,0,0,0,0,0,0,0,0,0,0,0,0,0,0,0,0,0,0,0,0,0,0,0,0,0,0,0,0,0,0,0,0,0,0,0,0,0,0,0,0,0,0,0,0,0,0,0,0,0,0,0,0,0,0,0,0,0,0,0,0,0,0,0,0,0,0,0,0,0,0,0,0,0,0,0,0,0,0,0,0,0,0,0,0,0,0,0,0
0,0,0,0,0,0,0,0,0,0,0,0,0,0,0,0,0,0,0,0,0,0,0,0,0,0,0,0,0,0,0,0,0,0,0,0,0,0,0,0,0,0,0,0,0,0,0,0,0,0,0,0,0,0,0,0,0,0,0,0,0,0,0,0,0,0,0,0,0,0,0,0,0,0,0,0,0,0,0,0,0,0,0,0,0,0,0,0,0,0,0,0,0,0,0,0,0,0,0,0
0,0,0,0,0,0,0,0,0,0,0,0,0,0,0,0,0,0,0,0,0,0,0,0,0,0,0,0,0,0,0,0,0,0,0,0,0,0,0,0,0,0,0,0,0,0,0,0,0,0,0,0,0,0,0,0,0,0,0,0,0,0,0,0,0,0,0,0,0,0,0,0,0,0,0,0,0,0,0,0,0,0,0,0,0,0,0,0,0,0,0,0,0,0,0,0,0,0,0,0
0,0,0,0,0,0,0,0,0,0,0,0,0,0,0,0,0,0,0,0,0,0,0,0,0,0,0,0,0,0,0,0,0,0,0,0,0,0,0,0,0,0,0,0,0,0,0,0,0,0,0,0,0,0,0,0,0,0,0,0,0,0,0,0,0,0,0,0,0,0,0,0,0,0,0,0,0,0,0,0,0,0,0,0,0,0,0,0,0,0,0,0,0,0,0,0,0,0,0,0
0,0,0,0,0,0,0,0,0,0,0,0,0,0,0,0,0,0,0,0,0,0,0,0,0,0,0,0,0,0,0,0,0,0,0,0,0,0,0,0,0,0,0,0,0,0,0,0,0,0,0,0,0,0,0,0,0,0,0,0,0,0,0,0,0,0,0,0,0,0,0,0,0,0,0,0,0,0,0,0,0,0,0,0,0,0,0,0,0,0,0,0,0,0,0,0,0,0,0,0
0,0,0,0,0,0,0,0,0,0,0,0,0,0,0,0,0,0,0,0,0,0,0,0,0,0,0,0,0,0,0,0,0,0,0,0,0,0,0,0,0,0,0,0,0,0,0,0,0,0,0,0,0,0,0,0,0,0,0,0,0,0,0,0,0,0,0,0,0,0,0,0,0,0,0,0,0,0,0,0,0,0,0,0,0,0,0,0,0,0,0,0,0,0,0,0,0,0,0,0
0,0,0,0,0,0,0,0,0,0,0,0,0,0,0,0,0,0,0,0,0,0,0,0,0,0,0,0,0,0,0,0,0,0,0,0,0,0,0,0,0,0,0,0,0,0,0,0,0,0,0,0,0,0,0,0,0,0.013888888888888888,0.0136986301369863,0.013513513513513514,0.013333333333333334,0.013157894736842105,0.012987012987012988,0.01282051282051282,0.012658227848101266,0.0125,0.012345679012345678,0.012195121951219513,0.012048192771084338,0.011904761904761904,0.011764705882352941,0.011627906976744186,0.011494252873563218,0.011363636363636364,0.011235955056179775,0.011111111111111112,0.01098901098901099,0.010869565217391304,0.010869565217391304,0.010752688172043012,0.010638297872340425,0.010526315789473684,0.010416666666666666,0.010309278350515464,0.01020408163265306,0.010101010101010102,0.01,0.01,0.009900990099009901,0.00980392156862745,0.009708737864077669,0.009615384615384616,0.009523809523809525,0.009433962264150943,0.009433962264150943,0.009345794392523364,0.009259259259259259,0.009174311926605505,0.00909090909090909,0.009009009009009009
0,0,0,0,0,0,0,0,0,0,0,0,0,0,0,0,0,0,0,0,0,0,0,0,0,0,0,0,0,0,0,0,0,0,0,0,0,0,0,0,0,0,0,0,0,0,0,0,0,0,0,0,0,0,0,0,0,0.0136986301369863,0.013513513513513514,0.013333333333333334,0.013157894736842105,0.012987012987012988,0.01282051282051282,0.012658227848101266,0.0125,0.012345679012345678,0.012195121951219513,0.012048192771084338,0.011904761904761904,0.011764705882352941,0.011627906976744186,0.011494252873563218,0.011363636363636364,0.011235955056179775,0.011111111111111112,0.01098901098901099,0.010869565217391304,0.010752688172043012,0.010752688172043012,0.010638297872340425,0.010526315789473684,0.010416666666666666,0.010309278350515464,0.01020408163265306,0.010101010101010102,0.01,0.009900990099009901,0.009900990099009901,0.00980392156862745,0.009708737864077669,0.009615384615384616,0.009523809523809525,0.009433962264150943,0.009345794392523364,0.009345794392523364,0.009259259259259259,0.009174311926605505,0.00909090909090909,0.009009009009009009,0.008928571428571428
0,0,0,0,0,0,0,0,0,0,0,0,0,0,0,0,0,0,0,0,0,0,0,0,0,0,0,0,0,0,0,0,0,0,0,0,0,0,0,0,0,0,0,0,0,0,0,0,0,0,0,0,0,0,0,0,0,0.013513513513513514,0.013333333333333334,0.013157894736842105,0.012987012987012988,0.01282051282051282,0.012658227848101266,0.0125,0.012345679012345678,0.012195121951219513,0.012048192771084338,0.011904761904761904,0.011764705882352941,0.011627906976744186,0.011494252873563218,0.011363636363636364,0.011235955056179775,0.011111111111111112,0.01098901098901099,0.010869565217391304,0.010752688172043012,0.010638297872340425,0.010638297872340425,0.010526315789473684,0.010416666666666666,0.010309278350515464,0.01020408163265306,0.010101010101010102,0.01,0.009900990099009901,0.00980392156862745,0.00980392156862745,0.009708737864077669,0.009615384615384616,0.009523809523809525,0.009433962264150943,0.009345794392523364,0.009259259259259259,0.009259259259259259,0.009174311926605505,0.00909090909090909,0.009009009009009009,0.008928571428571428,0.008849557522123894
0,0,0,0,0,0,0,0,0,0,0,0,0,0,0,0,0,0,0,0,0,0,0,0,0,0,0,0,0,0,0,0,0,0,0,0,0,0,0,0,0,0,0,0,0,0,0,0,0,0,0,0,0,0,0,0,0,0.013333333333333334,0.013157894736842105,0.012987012987012988,0.01282051282051282,0.012658227848101266,0.0125,0.012345679012345678,0.012195121951219513,0.012048192771084338,0.011904761904761904,0.011764705882352941,0.011627906976744186,0.011494252873563218,0.011363636363636364,0.011235955056179775,0.011111111111111112,0.01098901098901099,0.010869565217391304,0.010752688172043012,0.010638297872340425,0.010526315789473684,0.010526315789473684,0.010416666666666666,0.010309278350515464,0.01020408163265306,0.010101010101010102,0.01,0.009900990099009901,0.00980392156862745,0.009708737864077669,0.009708737864077669,0.009615384615384616,0.009523809523809525,0.009433962264150943,0.009345794392523364,0.009259259259259259,0.009174311926605505,0.009174311926605505,0.00909090909090909,0.009009009009009009,0.008928571428571428,0.008849557522123894,0.008771929824561403
0,0,0,0,0,0,0,0,0,0,0,0,0,0,0,0,0,0,0,0,0,0,0,0,0,0,0,0,0,0,0,0,0,0,0,0,0,0,0,0,0,0,0,0,0,0,0,0,0,0,0,0,0,0,0,0,0,0.013157894736842105,0.012987012987012988,0.01282051282051282,0.012658227848101266,0.0125,0.012345679012345678,0.012195121951219513,0.012048192771084338,0.011904761904761904,0.011764705882352941,0.011627906976744186,0.011494252873563218,0.011363636363636364,0.011235955056179775,0.011111111111111112,0.01098901098901099,0.010869565217391304,0.010752688172043012,0.010638297872340425,0.010526315789473684,0.010416666666666666,0.010416666666666666,0.010309278350515464,0.01020408163265306,0.010101010101010102,0.01,0.009900990099009901,0.00980392156862745,0.009708737864077669,0.009615384615384616,0.009615384615384616,0.009523809523809525,0.009433962264150943,0.009345794392523364,0.009259259259259259,0.009174311926605505,0.00909090909090909,0.00909090909090909,0.009009009009009009,0.008928571428571428,0.008849557522123894,0.008771929824561403,0.008695652173913044
0,0,0,0,0,0,0,0,0,0,0,0,0,0,0,0,0,0,0,0,0,0,0,0,0,0,0,0,0,0,0,0,0,0,0,0,0,0,0,0,0,0,0,0,0,0,0,0,0,0,0,0,0,0,0,0,0,0.012987012987012988,0.01282051282051282,0.012658227848101266,0.0125,0.012345679012345678,0.012195121951219513,0.012048192771084338,0.011904761904761904,0.011764705882352941,0.011627906976744186,0.011494252873563218,0.011363636363636364,0.011235955056179775,0.011111111111111112,0.01098901098901099,0.010869565217391304,0.010752688172043012,0.010638297872340425,0.010526315789473684,0.010416666666666666,0.010309278350515464,0.010309278350515464,0.01020408163265306,0.010101010101010102,0.01,0.009900990099009901,0.00980392156862745,0.009708737864077669,0.009615384615384616,0.009523809523809525,0.009523809523809525,0.009433962264150943,0.009345794392523364,0.009259259259259259,0.009174311926605505,0.00909090909090909,0.009009009009009009,0.009009009009009009,0.008928571428571428,0.008849557522123894,0.008771929824561403,0.008695652173913044,0.008620689655172414
0,0,0,0,0,0,0,0,0,0,0,0,0,0,0,0,0,0,0,0,0,0,0,0,0,0,0,0,0,0,0,0,0,0,0,0,0,0,0,0,0,0,0,0,0,0,0,0,0,0,0,0,0,0,0,0,0,0.01282051282051282,0.012658227848101266,0.0125,0.012345679012345678,0.012195121951219513,0.012048192771084338,0.011904761904761904,0.011764705882352941,0.011627906976744186,0.011494252873563218,0.011363636363636364,0.011235955056179775,0.011111111111111112,0.01098901098901099,0.010869565217391304,0.010752688172043012,0.010638297872340425,0.010526315789473684,0.010416666666666666,0.010309278350515464,0.01020408163265306,0.01020408163265306,0.010101010101010102,0.01,0.009900990099009901,0.00980392156862745,0.009708737864077669,0.009615384615384616,0.009523809523809525,0.009433962264150943,0.009433962264150943,0.009345794392523364,0.009259259259259259,0.009174311926605505,0.00909090909090909,0.009009009009009009,0.008928571428571428,0.008928571428571428,0.008849557522123894,0.008771929824561403,0.008695652173913044,0.008620689655172414,0.008547008547008548
0,0,0,0,0,0,0,0,0,0,0,0,0,0,0,0,0,0,0,0,0,0,0,0,0,0,0,0,0,0,0,0,0,0,0,0,0,0,0,0,0,0,0,0,0,0,0,0,0,0,0,0,0,0,0,0,0,0.012658227848101266,0.0125,0.012345679012345678,0.012195121951219513,0.012048192771084338,0.011904761904761904,0.011764705882352941,0.011627906976744186,0.011494252873563218,0.011363636363636364,0.011235955056179775,0.011111111111111112,0.01098901098901099,0.010869565217391304,0.010752688172043012,0.010638297872340425,0.010526315789473684,0.010416666666666666,0.010309278350515464,0.01020408163265306,0.010101010101010102,0.010101010101010102,0.01,0.009900990099009901,0.00980392156862745,0.009708737864077669,0.009615384615384616,0.009523809523809525,0.009433962264150943,0.009345794392523364,0.009345794392523364,0.009259259259259259,0.009174311926605505,0.00909090909090909,0.009009009009009009,0.008928571428571428,0.008849557522123894,0.008849557522123894,0.008771929824561403,0.008695652173913044,0.008620689655172414,0.008547008547008548,0.00847457627118644
0,0,0,0,0,0,0,0,0,0,0,0,0,0,0,0,0,0,0,0,0,0,0,0,0,0,0,0,0,0,0,0,0,0,0,0,0,0,0,0,0,0,0,0,0,0,0,0,0,0,0,0,0,0,0,0,0,0.0125,0.012345679012345678,0.012195121951219513,0.012048192771084338,0.011904761904761904,0.011764705882352941,0.011627906976744186,0.011494252873563218,0.011363636363636364,0.011235955056179775,0.011111111111111112,0.01098901098901099,0.010869565217391304,0.010752688172043012,0.010638297872340425,0.010526315789473684,0.010416666666666666,0.010309278350515464,0.01020408163265306,0.010101010101010102,0.01,0.01,0.009900990099009901,0.00980392156862745,0.009708737864077669,0.009615384615384616,0.009523809523809525,0.009433962264150943,0.009345794392523364,0.009259259259259259,0.009259259259259259,0.009174311926605505,0.00909090909090909,0.009009009009009009,0.008928571428571428,0.008849557522123894,0.008771929824561403,0.008771929824561403,0.008695652173913044,0.008620689655172414,0.008547008547008548,0.00847457627118644,0.008403361344537815
0,0,0,0,0,0,0,0,0,0,0,0,0,0,0,0,0,0,0,0,0,0,0,0,0,0,0,0,0,0,0,0,0,0,0,0,0,0,0,0,0,0,0,0,0,0,0,0,0,0,0,0,0,0,0,0,0,0.012345679012345678,0.012195121951219513,0.012048192771084338,0.011904761904761904,0.011764705882352941,0.011627906976744186,0.011494252873563218,0.011363636363636364,0.011235955056179775,0.011111111111111112,0.01098901098901099,0.010869565217391304,0.010752688172043012,0.010638297872340425,0.010526315789473684,0.010416666666666666,0.010309278350515464,0.01020408163265306,0.010101010101010102,0.01,0.009900990099009901,0.009900990099009901,0.00980392156862745,0.009708737864077669,0.009615384615384616,0.009523809523809525,0.009433962264150943,0.009345794392523364,0.009259259259259259,0.009174311926605505,0.009174311926605505,0.00909090909090909,0.009009009009009009,0.008928571428571428,0.008849557522123894,0.008771929824561403,0.008695652173913044,0.008695652173913044,0.008620689655172414,0.008547008547008548,0.00847457627118644,0.008403361344537815,0.008333333333333333
0,0,0,0,0,0,0,0,0,0,0,0,0,0,0,0,0,0,0,0,0,0,0,0,0,0,0,0,0,0,0,0,0,0,0,0,0,0,0,0,0,0,0,0,0,0,0,0,0,0,0,0,0,0,0,0,0,0.012195121951219513,0.012048192771084338,0.011904761904761904,0.011764705882352941,0.011627906976744186,0.011494252873563218,0.011363636363636364,0.011235955056179775,0.011111111111111112,0.01098901098901099,0.010869565217391304,0.010752688172043012,0.010638297872340425,0.010526315789473684,0.010416666666666666,0.010309278350515464,0.01020408163265306,0.010101010101010102,0.01,0.009900990099009901,0.00980392156862745,0.00980392156862745,0.009708737864077669,0.009615384615384616,0.009523809523809525,0.009433962264150943,0.009345794392523364,0.009259259259259259,0.009174311926605505,0.00909090909090909,0.00909090909090909,0.009009009009009009,0.008928571428571428,0.008849557522123894,0.008771929824561403,0.008695652173913044,0.008620689655172414,0.008620689655172414,0.008547008547008548,0.00847457627118644,0.008403361344537815,0.008333333333333333,0.008264462809917356
0,0,0,0,0,0,0,0,0,0,0,0,0,0,0,0,0,0,0,0,0,0,0,0,0,0,0,0,0,0,0,0,0,0,0,0,0,0,0,0,0,0,0,0,0,0,0,0,0,0,0,0,0,0,0,0,0,0.012048192771084338,0.011904761904761904,0.011764705882352941,0.011627906976744186,0.011494252873563218,0.011363636363636364,0.011235955056179775,0.011111111111111112,0.01098901098901099,0.010869565217391304,0.010752688172043012,0.010638297872340425,0.010526315789473684,0.010416666666666666,0.010309278350515464,0.01020408163265306,0.010101010101010102,0.01,0.009900990099009901,0.00980392156862745,0.009708737864077669,0.009708737864077669,0.009615384615384616,0.009523809523809525,0.009433962264150943,0.009345794392523364,0.009259259259259259,0.009174311926605505,0.00909090909090909,0.009009009009009009,0.009009009009009009,0.008928571428571428,0.008849557522123894,0.008771929824561403,0.008695652173913044,0.008620689655172414,0.008547008547008548,0.008547008547008548,0.00847457627118644,0.008403361344537815,0.008333333333333333,0.008264462809917356,0.00819672131147541
0,0,0,0,0,0,0,0,0,0,0,0,0,0,0,0,0,0,0,0,0,0,0,0,0,0,0,0,0,0,0,0,0,0,0,0,0,0,0,0,0,0,0,0,0,0,0,0,0,0,0,0,0,0,0,0,0,0.011904761904761904,0.011764705882352941,0.011627906976744186,0.011494252873563218,0.011363636363636364,0.011235955056179775,0.011111111111111112,0.01098901098901099,0.010869565217391304,0.010752688172043012,0.010638297872340425,0.010526315789473684,0.010416666666666666,0.010309278350515464,0.01020408163265306,0.010101010101010102,0.01,0.009900990099009901,0.00980392156862745,0.009708737864077669,0.009615384615384616,0.009615384615384616,0.009523809523809525,0.009433962264150943,0.009345794392523364,0.009259259259259259,0.009174311926605505,0.00909090909090909,0.009009009009009009,0.008928571428571428,0.008928571428571428,0.008849557522123894,0.008771929824561403,0.008695652173913044,0.008620689655172414,0.008547008547008548,0.00847457627118644,0.00847457627118644,0.008403361344537815,0.008333333333333333,0.008264462809917356,0.00819672131147541,0.008130081300813009
0,0,0,0,0,0,0,0,0,0,0,0,0,0,0,0,0,0,0,0,0,0,0,0,0,0,0,0,0,0,0,0,0,0,0,0,0,0,0,0,0,0,0,0,0,0,0,0,0,0,0,0,0,0,0,0,0,0.011764705882352941,0.011627906976744186,0.011494252873563218,0.011363636363636364,0.011235955056179775,0.011111111111111112,0.01098901098901099,0.010869565217391304,0.010752688172043012,0.010638297872340425,0.010526315789473684,0.010416666666666666,0.010309278350515464,0.01020408163265306,0.010101010101010102,0.01,0.009900990099009901,0.00980392156862745,0.009708737864077669,0.009615384615384616,0.009523809523809525,0.009523809523809525,0.009433962264150943,0.009345794392523364,0.009259259259259259,0.009174311926605505,0.00909090909090909,0.009009009009009009,0.008928571428571428,0.008849557522123894,0.008849557522123894,0.008771929824561403,0.008695652173913044,0.008620689655172414,0.008547008547008548,0.00847457627118644,0.008403361344537815,0.008403361344537815,0.008333333333333333,0.008264462809917356,0.00819672131147541,0.008130081300813009,0.008064516129032258
0,0,0,0,0,0,0,0,0,0,0,0,0,0,0,0,0,0,0,0,0,0,0,0,0,0,0,0,0,0,0,0,0,0,0,0,0,0,0,0,0,0,0,0,0,0,0,0,0,0,0,0,0,0,0,0,0,0.011627906976744186,0.011494252873563218,0.011363636363636364,0.011235955056179775,0.011111111111111112,0.01098901098901099,0.010869565217391304,0.010752688172043012,0.010638297872340425,0.010526315789473684,0.010416666666666666,0.010309278350515464,0.01020408163265306,0.010101010101010102,0.01,0.009900990099009901,0.00980392156862745,0.009708737864077669,0.009615384615384616,0.009523809523809525,0.009433962264150943,0.009433962264150943,0.009345794392523364,0.009259259259259259,0.009174311926605505,0.00909090909090909,0.009009009009009009,0.008928571428571428,0.008849557522123894,0.008771929824561403,0.008771929824561403,0.008695652173913044,0.008620689655172414,0.008547008547008548,0.00847457627118644,0.008403361344537815,0.008333333333333333,0.008333333333333333,0.008264462809917356,0.00819672131147541,0.008130081300813009,0.008064516129032258,0.008
0,0,0,0,0,0,0,0,0,0,0,0,0,0,0,0,0,0,0,0,0,0,0,0,0,0,0,0,0,0,0,0,0,0,0,0,0,0,0,0,0,0,0,0,0,0,0,0,0,0,0,0,0,0,0,0,0,0.011494252873563218,0.011363636363636364,0.011235955056179775,0.011111111111111112,0.01098901098901099,0.010869565217391304,0.010752688172043012,0.010638297872340425,0.010526315789473684,0.010416666666666666,0.010309278350515464,0.01020408163265306,0.010101010101010102,0.01,0.009900990099009901,0.00980392156862745,0.009708737864077669,0.009615384615384616,0.009523809523809525,0.009433962264150943,0.009345794392523364,0.009345794392523364,0.009259259259259259,0.009174311926605505,0.00909090909090909,0.009009009009009009,0.008928571428571428,0.008849557522123894,0.008771929824561403,0.008695652173913044,0.008695652173913044,0.008620689655172414,0.008547008547008548,0.00847457627118644,0.008403361344537815,0.008333333333333333,0.008264462809917356,0.008264462809917356,0.00819672131147541,0.008130081300813009,0.008064516129032258,0.008,0.007936507936507936
0,0,0,0,0,0,0,0,0,0,0,0,0,0,0,0,0,0,0,0,0,0,0,0,0,0,0,0,0,0,0,0,0,0,0,0,0,0,0,0,0,0,0,0,0,0,0,0,0,0,0,0,0,0,0,0,0,0.011363636363636364,0.011235955056179775,0.011111111111111112,0.01098901098901099,0.010869565217391304,0.010752688172043012,0.010638297872340425,0.010526315789473684,0.010416666666666666,0.010309278350515464,0.01020408163265306,0.010101010101010102,0.01,0.009900990099009901,0.00980392156862745,0.009708737864077669,0.009615384615384616,0.009523809523809525,0.009433962264150943,0.009345794392523364,0.009259259259259259,0.009259259259259259,0.009174311926605505,0.00909090909090909,0.009009009009009009,0.008928571428571428,0.008849557522123894,0.008771929824561403,0.008695652173913044,0.008620689655172414,0.008620689655172414,0.008547008547008548,0.00847457627118644,0.008403361344537815,0.008333333333333333,0.008264462809917356,0.00819672131147541,0.00819672131147541,0.008130081300813009,0.008064516129032258,0.008,0.007936507936507936,0.007874015748031496
0,0,0,0,0,0,0,0,0,0,0,0,0,0,0,0,0,0,0,0,0,0,0,0,0,0,0,0,0,0,0,0,0,0,0,0,0,0,0,0,0,0,0,0,0,0,0,0,0,0,0,0,0,0,0,0,0,0.011235955056179775,0.011111111111111112,0.01098901098901099,0.010869565217391304,0.010752688172043012,0.010638297872340425,0.010526315789473684,0.010416666666666666,0.010309278350515464,0.01020408163265306,0.010101010101010102,0.01,0.009900990099009901,0.00980392156862745,0.009708737864077669,0.009615384615384616,0.009523809523809525,0.009433962264150943,0.009345794392523364,0.009259259259259259,0.009174311926605505,0.009174311926605505,0.00909090909090909,0.009009009009009009,0.008928571428571428,0.008849557522123894,0.008771929824561403,0.008695652173913044,0.008620689655172414,0.008547008547008548,0.008547008547008548,0.00847457627118644,0.008403361344537815,0.008333333333333333,0.008264462809917356,0.00819672131147541,0.008130081300813009,0.008130081300813009,0.008064516129032258,0.008,0.007936507936507936,0.007874015748031496,0.0078125
0,0,0,0,0,0,0,0,0,0,0,0,0,0,0,0,0,0,0,0,0,0,0,0,0,0,0,0,0,0,0,0,0,0,0,0,0,0,0,0,0,0,0,0,0,0,0,0,0,0,0,0,0,0,0,0,0,0.011111111111111112,0.01098901098901099,0.010869565217391304,0.010752688172043012,0.010638297872340425,0.010526315789473684,0.010416666666666666,0.010309278350515464,0.01020408163265306,0.010101010101010102,0.01,0.009900990099009901,0.00980392156862745,0.009708737864077669,0.009615384615384616,0.009523809523809525,0.009433962264150943,0.009345794392523364,0.009259259259259259,0.009174311926605505,0.00909090909090909,0.00909090909090909,0.009009009009009009,0.008928571428571428,0.008849557522123894,0.008771929824561403,0.008695652173913044,0.008620689655172414,0.008547008547008548,0.00847457627118644,0.00847457627118644,0.008403361344537815,0.008333333333333333,0.008264462809917356,0.00819672131147541,0.008130081300813009,0.008064516129032258,0.008064516129032258,0.008,0.007936507936507936,0.007874015748031496,0.0078125,0.007751937984496124
0,0,0,0,0,0,0,0,0,0,0,0,0,0,0,0,0,0,0,0,0,0,0,0,0,0,0,0,0,0,0,0,0,0,0,0,0,0,0,0,0,0,0,0,0,0,0,0,0,0,0,0,0,0,0,0,0,0.01098901098901099,0.010869565217391304,0.010752688172043012,0.010638297872340425,0.010526315789473684,0.010416666666666666,0.010309278350515464,0.01020408163265306,0.010101010101010102,0.01,0.009900990099009901,0.00980392156862745,0.009708737864077669,0.009615384615384616,0.009523809523809525,0.009433962264150943,0.009345794392523364,0.009259259259259259,0.009174311926605505,0.00909090909090909,0.009009009009009009,0.009009009009009009,0.008928571428571428,0.008849557522123894,0.008771929824561403,0.008695652173913044,0.008620689655172414,0.008547008547008548,0.00847457627118644,0.008403361344537815,0.008403361344537815,0.008333333333333333,0.008264462809917356,0.00819672131147541,0.008130081300813009,0.008064516129032258,0.008,0.008,0.007936507936507936,0.007874015748031496,0.0078125,0.007751937984496124,0.007692307692307693
0,0,0,0,0,0,0,0,0,0,0,0,0,0,0,0,0,0,0,0,0,0,0,0,0,0,0,0,0,0,0,0,0,0,0,0,0,0,0,0,0,0,0,0,0,0,0,0,0,0,0,0,0,0,0,0,0,0.010869565217391304,0.010752688172043012,0.010638297872340425,0.010526315789473684,0.010416666666666666,0.010309278350515464,0.01020408163265306,0.010101010101010102,0.01,0.009900990099009901,0.00980392156862745,0.009708737864077669,0.009615384615384616,0.009523809523809525,0.009433962264150943,0.009345794392523364,0.009259259259259259,0.009174311926605505,0.00909090909090909,0.009009009009009009,0.008928571428571428,0.008928571428571428,0.008849557522123894,0.008771929824561403,0.008695652173913044,0.008620689655172414,0.008547008547008548,0.00847457627118644,0.008403361344537815,0.008333333333333333,0.008333333333333333,0.008264462809917356,0.00819672131147541,0.008130081300813009,0.008064516129032258,0.008,0.007936507936507936,0.007936507936507936,0.007874015748031496,0.0078125,0.007751937984496124,0.007692307692307693,0.007633587786259542
0,0,0,0,0,0,0,0,0,0,0,0,0,0,0,0,0,0,0,0,0,0,0,0,0,0,0,0,0,0,0,0,0,0,0,0,0,0,0,0,0,0,0,0,0,0,0,0,0,0,0,0,0,0,0,0,0,0.010752688172043012,0.010638297872340425,0.010526315789473684,0.010416666666666666,0.010309278350515464,0.01020408163265306,0.010101010101010102,0.01,0.009900990099009901,0.00980392156862745,0.009708737864077669,0.009615384615384616,0.009523809523809525,0.009433962264150943,0.009345794392523364,0.009259259259259259,0.009174311926605505,0.00909090909090909,0.009009009009009009,0.008928571428571428,0.008849557522123894,0.008849557522123894,0.008771929824561403,0.008695652173913044,0.008620689655172414,0.008547008547008548,0.00847457627118644,0.008403361344537815,0.008333333333333333,0.008264462809917356,0.008264462809917356,0.00819672131147541,0.008130081300813009,0.008064516129032258,0.008,0.007936507936507936,0.007874015748031496,0.007874015748031496,0.0078125,0.007751937984496124,0.007692307692307693,0.007633587786259542,0.007575757575757576
0,0,0,0,0,0,0,0,0,0,0,0,0,0,0,0,0,0,0,0,0,0,0,0,0,0,0,0,0,0,0,0,0,0,0,0,0,0,0,0,0,0,0,0,0,0,0,0,0,0,0,0,0,0,0,0,0,0.010638297872340425,0.010526315789473684,0.010416666666666666,0.010309278350515464,0.01020408163265306,0.010101010101010102,0.01,0.009900990099009901,0.00980392156862745,0.009708737864077669,0.009615384615384616,0.009523809523809525,0.009433962264150943,0.009345794392523364,0.009259259259259259,0.009174311926605505,0.00909090909090909,0.009009009009009009,0.008928571428571428,0.008849557522123894,0.008771929824561403,0.008771929824561403,0.008695652173913044,0.008620689655172414,0.008547008547008548,0.00847457627118644,0.008403361344537815,0.008333333333333333,0.008264462809917356,0.00819672131147541,0.00819672131147541,0.008130081300813009,0.008064516129032258,0.008,0.007936507936507936,0.007874015748031496,0.0078125,0.0078125,0.007751937984496124,0.007692307692307693,0.007633587786259542,0.007575757575757576,0.007518796992481203
0,0,0,0,0,0,0,0,0,0,0,0,0,0,0,0,0,0,0,0,0,0,0,0,0,0,0,0,0,0,0,0,0,0,0,0,0,0,0,0,0,0,0,0,0,0,0,0,0,0,0,0,0,0,0,0,0.0006382978723404251,0.01127659574468085,0.011052631578947368,0.010833333333333332,0.010618556701030927,0.01040816326530612,0.010202020202020204,0.01,0.009801980198019802,0.009607843137254901,0.009417475728155338,0.009230769230769232,0.009047619047619049,0.008867924528301886,0.008691588785046727,0.008518518518518517,0.00834862385321101,0.00818181818181818,0.008018018018018018,0.007857142857142856,0.007699115044247787,0.007543859649122806,0.007543859649122806,0.007391304347826087,0.007241379310344827,0.0070940170940170955,0.006949152542372881,0.006806722689075629,0.006666666666666666,0.006528925619834711,0.00639344262295082,0.00639344262295082,0.006260162601626018,0.0061290322580645155,0.006,0.005873015873015872,0.005748031496062992,0.005625,0.005625,0.005503875968992248,0.005384615384615385,0.005267175572519083,0.005151515151515152,0.005037593984962405
0,0,0,0,0,0,0,0,0,0,0,0,0,0,0,0,0,0,0,0,0,0,0,0,0,0,0,0,0,0,0,0,0,0,0,0,0,0,0,0,0,0,0,0,0,0,0,0,0,0,0,0,0,0,0,0,0.0005263157894736838,0.011052631578947368,0.010833333333333332,0.010618556701030927,0.01040816326530612,0.010202020202020204,0.01,0.009801980198019802,0.009607843137254901,0.009417475728155338,0.009230769230769232,0.009047619047619049,0.008867924528301886,0.008691588785046727,0.008518518518518517,0.00834862385321101,0.00818181818181818,0.008018018018018018,0.007857142857142856,0.007699115044247787,0.007543859649122806,0.007391304347826087,0.007391304347826087,0.007241379310344827,0.0070940170940170955,0.006949152542372881,0.006806722689075629,0.006666666666666666,0.006528925619834711,0.00639344262295082,0.006260162601626018,0.006260162601626018,0.0061290322580645155,0.006,0.005873015873015872,0.005748031496062992,0.005625,0.005503875968992248,0.005503875968992248,0.005384615384615385,0.005267175572519083,0.005151515151515152,0.005037593984962405,0.004925373134328358
0,0,0,0,0,0,0,0,0,0,0,0,0,0,0,0,0,0,0,0,0,0,0,0,0,0,0,0,0,0,0,0,0,0,0,0,0,0,0,0,0,0,0,0,0,0,0,0,0,0,0,0,0,0,0,0,0.0004166666666666659,0.010833333333333332,0.010618556701030927,0.01040816326530612,0.010202020202020204,0.01,0.009801980198019802,0.009607843137254901,0.009417475728155338,0.009230769230769232,0.009047619047619049,0.008867924528301886,0.008691588785046727,0.008518518518518517,0.00834862385321101,0.00818181818181818,0.008018018018018018,0.007857142857142856,0.007699115044247787,0.007543859649122806,0.007391304347826087,0.007241379310344827,0.007241379310344827,0.0070940170940170955,0.006949152542372881,0.006806722689075629,0.006666666666666666,0.006528925619834711,0.00639344262295082,0.006260162601626018,0.0061290322580645155,0.0061290322580645155,0.006,0.005873015873015872,0.005748031496062992,0.005625,0.005503875968992248,0.005384615384615385,0.005384615384615385,0.005267175572519083,0.005151515151515152,0.005037593984962405,0.004925373134328358,0.004814814814814815
0,0,0,0,0,0,0,0,0,0,0,0,0,0,0,0,0,0,0,0,0,0,0,0,0,0,0,0,0,0,0,0,0,0,0,0,0,0,0,0,0,0,0,0,0,0,0,0,0,0,0,0,0,0,0,0,0.0003092783505154635,0.010618556701030927,0.01040816326530612,0.010202020202020204,0.01,0.009801980198019802,0.009607843137254901,0.009417475728155338,0.009230769230769232,0.009047619047619049,0.008867924528301886,0.008691588785046727,0.008518518518518517,0.00834862385321101,0.00818181818181818,0.008018018018018018,0.007857142857142856,0.007699115044247787,0.007543859649122806,0.007391304347826087,0.007241379310344827,0.0070940170940170955,0.0070940170940170955,0.006949152542372881,0.006806722689075629,0.006666666666666666,0.006528925619834711,0.00639344262295082,0.006260162601626018,0.0061290322580645155,0.006,0.006,0.005873015873015872,0.005748031496062992,0.005625,0.005503875968992248,0.005384615384615385,0.005267175572519083,0.005267175572519083,0.005151515151515152,0.005037593984962405,0.004925373134328358,0.004814814814814815,0.004705882352941176
0,0,0,0,0,0,0,0,0,0,0,0,0,0,0,0,0,0,0,0,0,0,0,0,0,0,0,0,0,0,0,0,0,0,0,0,0,0,0,0,0,0,0,0,0,0,0,0,0,0,0,0,0,0,0,0,0.0002040816326530602,0.01040816326530612,0.010202020202020204,0.01,0.009801980198019802,0.009607843137254901,0.009417475728155338,0.009230769230769232,0.009047619047619049,0.008867924528301886,0.008691588785046727,0.008518518518518517,0.00834862385321101,0.00818181818181818,0.008018018018018018,0.007857142857142856,0.007699115044247787,0.007543859649122806,0.007391304347826087,0.007241379310344827,0.0070940170940170955,0.006949152542372881,0.006949152542372881,0.006806722689075629,0.006666666666666666,0.006528925619834711,0.00639344262295082,0.006260162601626018,0.0061290322580645155,0.006,0.005873015873015872,0.005873015873015872,0.005748031496062992,0.005625,0.005503875968992248,0.005384615384615385,0.005267175572519083,0.005151515151515152,0.005151515151515152,0.005037593984962405,0.004925373134328358,0.004814814814814815,0.004705882352941176,0.004598540145985401
0,0,0,0,0,0,0,0,0,0,0,0,0,0,0,0,0,0,0,0,0,0,0,0,0,0,0,0,0,0,0,0,0,0,0,0,0,0,0,0,0,0,0,0,0,0,0,0,0,0,0,0,0,0,0,0,0.00010101010101010166,0.010202020202020204,0.01,0.009801980198019802,0.009607843137254901,0.009417475728155338,0.009230769230769232,0.009047619047619049,0.008867924528301886,0.008691588785046727,0.008518518518518517,0.00834862385321101,0.00818181818181818,0.008018018018018018,0.007857142857142856,0.007699115044247787,0.007543859649122806,0.007391304347826087,0.007241379310344827,0.0070940170940170955,0.006949152542372881,0.006806722689075629,0.006806722689075629,0.006666666666666666,0.006528925619834711,0.00639344262295082,0.006260162601626018,0.0061290322580645155,0.006,0.005873015873015872,0.005748031496062992,0.005748031496062992,0.005625,0.005503875968992248,0.005384615384615385,0.005267175572519083,0.005151515151515152,0.005037593984962405,0.005037593984962405,0.004925373134328358,0.004814814814814815,0.004705882352941176,0.004598540145985401,0.004492753623188406
0,0,0,0,0,0,0,0,0,0,0,0,0,0,0,0,0,0,0,0,0,0,0,0,0,0,0,0,0,0,0,0,0,0,0,0,0,0,0,0,0,0,0,0,0,0,0,0,0,0,0,0,0,0,0,0,0,0.01,0.009801980198019802,0.009607843137254901,0.009417475728155338,0.009230769230769232,0.009047619047619049,0.008867924528301886,0.008691588785046727,0.008518518518518517,0.00834862385321101,0.00818181818181818,0.008018018018018018,0.007857142857142856,0.007699115044247787,0.007543859649122806,0.007391304347826087,0.007241379310344827,0.0070940170940170955,0.006949152542372881,0.006806722689075629,0.006666666666666666,0.006666666666666666,0.006528925619834711,0.00639344262295082,0.006260162601626018,0.0061290322580645155,0.006,0.005873015873015872,0.005748031496062992,0.005625,0.005625,0.005503875968992248,0.005384615384615385,0.005267175572519083,0.005151515151515152,0.005037593984962405,0.004925373134328358,0.004925373134328358,0.004814814814814815,0.004705882352941176,0.004598540145985401,0.004492753623188406,0.004388489208633094
0,0,0,0,0,0,0,0,0,0,0,0,0,0,0,0,0,0,0,0,0,0,0,0,0,0,0,0,0,0,0,0,0,0,0,0,0,0,0,0,0,0,0,0,0,0,0,0,0,0,0,0,0,0,0,0,0.0000990099009900991,0.009801980198019802,0.009607843137254901,0.009417475728155338,0.009230769230769232,0.009047619047619049,0.008867924528301886,0.008691588785046727,0.008518518518518517,0.00834862385321101,0.00818181818181818,0.008018018018018018,0.007857142857142856,0.007699115044247787,0.007543859649122806,0.007391304347826087,0.007241379310344827,0.0070940170940170955,0.006949152542372881,0.006806722689075629,0.006666666666666666,0.006528925619834711,0.006528925619834711,0.00639344262295082,0.006260162601626018,0.0061290322580645155,0.006,0.005873015873015872,0.005748031496062992,0.005625,0.005503875968992248,0.005503875968992248,0.005384615384615385,0.005267175572519083,0.005151515151515152,0.005037593984962405,0.004925373134328358,0.004814814814814815,0.004814814814814815,0.004705882352941176,0.004598540145985401,0.004492753623188406,0.004388489208633094,0.004285714285714285
0,0,0,0,0,0,0,0,0,0,0,0,0,0,0,0,0,0,0,0,0,0,0,0,0,0,0,0,0,0,0,0,0,0,0,0,0,0,0,0,0,0,0,0,0,0,0,0,0,0,0,0,0,0,0,0,0.00019607843137254936,0.009607843137254901,0.009417475728155338,0.009230769230769232,0.009047619047619049,0.008867924528301886,0.008691588785046727,0.008518518518518517,0.00834862385321101,0.00818181818181818,0.008018018018018018,0.007857142857142856,0.007699115044247787,0.007543859649122806,0.007391304347826087,0.007241379310344827,0.0070940170940170955,0.006949152542372881,0.006806722689075629,0.006666666666666666,0.006528925619834711,0.00639344262295082,0.00639344262295082,0.006260162601626018,0.0061290322580645155,0.006,0.005873015873015872,0.005748031496062992,0.005625,0.005503875968992248,0.005384615384615385,0.005384615384615385,0.005267175572519083,0.005151515151515152,0.005037593984962405,0.004925373134328358,0.004814814814814815,0.004705882352941176,0.004705882352941176,0.004598540145985401,0.004492753623188406,0.004388489208633094,0.004285714285714285,0.004184397163120567
0,0,0,0,0,0,0,0,0,0,0,0,0,0,0,0,0,0,0,0,0,0,0,0,0,0,0,0,0,0,0,0,0,0,0,0,0,0,0,0,0,0,0,0,0,0,0,0,0,0,0,0,0,0,0,0,0.00029126213592233115,0.009417475728155338,0.009230769230769232,0.009047619047619049,0.008867924528301886,0.008691588785046727,0.008518518518518517,0.00834862385321101,0.00818181818181818,0.008018018018018018,0.007857142857142856,0.007699115044247787,0.007543859649122806,0.007391304347826087,0.007241379310344827,0.0070940170940170955,0.006949152542372881,0.006806722689075629,0.006666666666666666,0.006528925619834711,0.00639344262295082,0.006260162601626018,0.006260162601626018,0.0061290322580645155,0.006,0.005873015873015872,0.005748031496062992,0.005625,0.005503875968992248,0.005384615384615385,0.005267175572519083,0.005267175572519083,0.005151515151515152,0.005037593984962405,0.004925373134328358,0.004814814814814815,0.004705882352941176,0.004598540145985401,0.004598540145985401,0.004492753623188406,0.004388489208633094,0.004285714285714285,0.004184397163120567,0.004084507042253521
0,0,0,0,0,0,0,0,0,0,0,0,0,0,0,0,0,0,0,0,0,0,0,0,0,0,0,0,0,0,0,0,0,0,0,0,0,0,0,0,0,0,0,0,0,0,0,0,0,0,0,0,0,0,0,0,0.0003846153846153843,0.009230769230769232,0.009047619047619049,0.008867924528301886,0.008691588785046727,0.008518518518518517,0.00834862385321101,0.00818181818181818,0.008018018018018018,0.007857142857142856,0.007699115044247787,0.007543859649122806,0.007391304347826087,0.007241379310344827,0.0070940170940170955,0.006949152542372881,0.006806722689075629,0.006666666666666666,0.006528925619834711,0.00639344262295082,0.006260162601626018,0.0061290322580645155,0.0061290322580645155,0.006,0.005873015873015872,0.005748031496062992,0.005625,0.005503875968992248,0.005384615384615385,0.005267175572519083,0.005151515151515152,0.005151515151515152,0.005037593984962405,0.004925373134328358,0.004814814814814815,0.004705882352941176,0.004598540145985401,0.004492753623188406,0.004492753623188406,0.004388489208633094,0.004285714285714285,0.004184397163120567,0.004084507042253521,0.003986013986013986
0,0,0,0,0,0,0,0,0,0,0,0,0,0,0,0,0,0,0,0,0,0,0,0,0,0,0,0,0,0,0,0,0,0,0,0,0,0,0,0,0,0,0,0,0,0,0,0,0,0,0,0,0,0,0,0,0.00047619047619047554,0.009047619047619049,0.008867924528301886,0.008691588785046727,0.008518518518518517,0.00834862385321101,0.00818181818181818,0.008018018018018018,0.007857142857142856,0.007699115044247787,0.007543859649122806,0.007391304347826087,0.007241379310344827,0.0070940170940170955,0.006949152542372881,0.006806722689075629,0.006666666666666666,0.006528925619834711,0.00639344262295082,0.006260162601626018,0.0061290322580645155,0.006,0.006,0.005873015873015872,0.005748031496062992,0.005625,0.005503875968992248,0.005384615384615385,0.005267175572519083,0.005151515151515152,0.005037593984962405,0.005037593984962405,0.004925373134328358,0.004814814814814815,0.004705882352941176,0.004598540145985401,0.004492753623188406,0.004388489208633094,0.004388489208633094,0.004285714285714285,0.004184397163120567,0.004084507042253521,0.003986013986013986,0.003888888888888888
0,0,0,0,0,0,0,0,0,0,0,0,0,0,0,0,0,0,0,0,0,0,0,0,0,0,0,0,0,0,0,0,0,0,0,0,0,0,0,0,0,0,0,0,0,0,0,0,0,0,0,0,0,0,0,0,0.0005660377358490572,0.008867924528301886,0.008691588785046727,0.008518518518518517,0.00834862385321101,0.00818181818181818,0.008018018018018018,0.007857142857142856,0.007699115044247787,0.007543859649122806,0.007391304347826087,0.007241379310344827,0.0070940170940170955,0.006949152542372881,0.006806722689075629,0.006666666666666666,0.006528925619834711,0.00639344262295082,0.006260162601626018,0.0061290322580645155,0.006,0.005873015873015872,0.005873015873015872,0.005748031496062992,0.005625,0.005503875968992248,0.005384615384615385,0.005267175572519083,0.005151515151515152,0.005037593984962405,0.004925373134328358,0.004925373134328358,0.004814814814814815,0.004705882352941176,0.004598540145985401,0.004492753623188406,0.004388489208633094,0.004285714285714285,0.004285714285714285,0.004184397163120567,0.004084507042253521,0.003986013986013986,0.003888888888888888,0.0037931034482758617
0,0,0,0,0,0,0,0,0,0,0,0,0,0,0,0,0,0,0,0,0,0,0,0,0,0,0,0,0,0,0,0,0,0,0,0,0,0,0,0,0,0,0,0,0,0,0,0,0,0,0,0,0,0,0,0,0.0006542056074766364,0.008691588785046727,0.008518518518518517,0.00834862385321101,0.00818181818181818,0.008018018018018018,0.007857142857142856,0.007699115044247787,0.007543859649122806,0.007391304347826087,0.007241379310344827,0.0070940170940170955,0.006949152542372881,0.006806722689075629,0.006666666666666666,0.006528925619834711,0.00639344262295082,0.006260162601626018,0.0061290322580645155,0.006,0.005873015873015872,0.005748031496062992,0.005748031496062992,0.005625,0.005503875968992248,0.005384615384615385,0.005267175572519083,0.005151515151515152,0.005037593984962405,0.004925373134328358,0.004814814814814815,0.004814814814814815,0.004705882352941176,0.004598540145985401,0.004492753623188406,0.004388489208633094,0.01841726618705036,0.018571428571428572,0.018571428571428572,0.01872340425531915,0.01887323943661972,0.01902097902097902,0.01916666666666667,0.019310344827586208
0,0,0,0,0,0,0,0,0,0,0,0,0,0,0,0,0,0,0,0,0,0,0,0,0,0,0,0,0,0,0,0,0,0,0,0,0,0,0,0,0,0,0,0,0,0,0,0,0,0,0,0,0,0,0,0,0.0007407407407407415,0.008518518518518517,0.00834862385321101,0.00818181818181818,0.008018018018018018,0.007857142857142856,0.007699115044247787,0.007543859649122806,0.007391304347826087,0.007241379310344827,0.0070940170940170955,0.006949152542372881,0.006806722689075629,0.006666666666666666,0.006528925619834711,0.00639344262295082,0.006260162601626018,0.0061290322580645155,0.006,0.005873015873015872,0.005748031496062992,0.005625,0.005625,0.005503875968992248,0.005384615384615385,0.005267175572519083,0.005151515151515152,0.005037593984962405,0.004925373134328358,0.004814814814814815,0.004705882352941176,0.004705882352941176,0.004598540145985401,0.004492753623188406,0.004388489208633094,0.004285714285714285,0.018571428571428572,0.01872340425531915,0.01872340425531915,0.01887323943661972,0.01902097902097902,0.01916666666666667,0.019310344827586208,0.01945205479452055
0,0,0,0,0,0,0,0,0,0,0,0,0,0,0,0,0,0,0,0,0,0,0,0,0,0,0,0,0,0,0,0,0,0,0,0,0,0,0,0,0,0,0,0,0,0,0,0,0,0,0,0,0,0,0,0,0.0008256880733944951,0.00834862385321101,0.00818181818181818,0.008018018018018018,0.007857142857142856,0.007699115044247787,0.007543859649122806,0.007391304347826087,0.007241379310344827,0.0070940170940170955,0.006949152542372881,0.006806722689075629,0.006666666666666666,0.006528925619834711,0.00639344262295082,0.006260162601626018,0.0061290322580645155,0.006,0.005873015873015872,0.005748031496062992,0.005625,0.005503875968992248,0.005503875968992248,0.005384615384615385,0.005267175572519083,0.005151515151515152,0.005037593984962405,0.004925373134328358,0.004814814814814815,0.004705882352941176,0.004598540145985401,0.004598540145985401,0.004492753623188406,0.004388489208633094,0.004285714285714285,0.004184397163120567,0.01872340425531915,0.01887323943661972,0.01887323943661972,0.01902097902097902,0.01916666666666667,0.019310344827586208,0.01945205479452055,0.01959183673469388
0,0,0,0,0,0,0,0,0,0,0,0,0,0,0,0,0,0,0,0,0,0,0,0,0,0,0,0,0,0,0,0,0,0,0,0,0,0,0,0,0,0,0,0,0,0,0,0,0,0,0,0,0,0,0,0,0.0009090909090909097,0.00818181818181818,0.008018018018018018,0.007857142857142856,0.007699115044247787,0.007543859649122806,0.007391304347826087,0.007241379310344827,0.0070940170940170955,0.006949152542372881,0.006806722689075629,0.006666666666666666,0.006528925619834711,0.00639344262295082,0.006260162601626018,0.0061290322580645155,0.006,0.005873015873015872,0.005748031496062992,0.005625,0.005503875968992248,0.005384615384615385,0.005384615384615385,0.005267175572519083,0.005151515151515152,0.005037593984962405,0.004925373134328358,0.004814814814814815,0.004705882352941176,0.004598540145985401,0.004492753623188406,0.004492753623188406,0.004388489208633094,0.004285714285714285,0.004184397163120567,0.004084507042253521,0.01887323943661972,0.01902097902097902,0.01902097902097902,0.01916666666666667,0.019310344827586208,0.01945205479452055,0.01959183673469388,0.01972972972972973
0,0,0,0,0,0,0,0,0,0,0,0,0,0,0,0,0,0,0,0,0,0,0,0,0,0,0,0,0,0,0,0,0,0,0,0,0,0,0,0,0,0,0,0,0,0,0,0,0,0,0,0,0,0,0,0,0.0009909909909909913,0.008018018018018018,0.007857142857142856,0.007699115044247787,0.007543859649122806,0.007391304347826087,0.007241379310344827,0.0070940170940170955,0.006949152542372881,0.006806722689075629,0.006666666666666666,0.006528925619834711,0.00639344262295082,0.006260162601626018,0.0061290322580645155,0.006,0.005873015873015872,0.005748031496062992,0.005625,0.005503875968992248,0.005384615384615385,0.005267175572519083,0.005267175572519083,0.005151515151515152,0.005037593984962405,0.004925373134328358,0.004814814814814815,0.004705882352941176,0.004598540145985401,0.004492753623188406,0.004388489208633094,0.004388489208633094,0.004285714285714285,0.004184397163120567,0.004084507042253521,0.003986013986013986,0.009020979020979019,0.009166666666666667,0.009166666666666667,0.009310344827586206,0.009452054794520548,0.009591836734693878,0.009729729729729727,0.009865771812080537
0,0,0,0,0,0,0,0,0,0,0,0,0,0,0,0,0,0,0,0,0,0,0,0,0,0,0,0,0,0,0,0,0,0,0,0,0,0,0,0,0,0,0,0,0,0,0,0,0,0,0,0,0,0,0,0,0.0009909909909909913,0.008018018018018018,0.007857142857142856,0.007699115044247787,0.007543859649122806,0.007391304347826087,0.007241379310344827,0.0070940170940170955,0.006949152542372881,0.006806722689075629,0.006666666666666666,0.006528925619834711,0.00639344262295082,0.006260162601626018,0.0061290322580645155,0.006,0.005873015873015872,0.005748031496062992,0.005625,0.005503875968992248,0.005384615384615385,0.005267175572519083,0.005267175572519083,0.005151515151515152,0.005037593984962405,0.004925373134328358,0.004814814814814815,0.004705882352941176,0.004598540145985401,0.004492753623188406,0.004388489208633094,0.004388489208633094,0.004285714285714285,0.004184397163120567,0.004084507042253521,0.003986013986013986,0.009020979020979019,0.009166666666666667,0.009166666666666667,0.009310344827586206,0.009452054794520548,0.009591836734693878,0.009729729729729727,0.009865771812080537
0,0,0,0,0,0,0,0,0,0,0,0,0,0,0,0,0,0,0,0,0,0,0,0,0,0,0,0,0,0,0,0,0,0,0,0,0,0,0,0,0,0,0,0,0,0,0,0,0,0,0,0,0,0,0,0,0.0010714285714285721,0.007857142857142856,0.007699115044247787,0.007543859649122806,0.007391304347826087,0.007241379310344827,0.0070940170940170955,0.006949152542372881,0.006806722689075629,0.006666666666666666,0.006528925619834711,0.00639344262295082,0.006260162601626018,0.0061290322580645155,0.006,0.005873015873015872,0.005748031496062992,0.005625,0.005503875968992248,0.005384615384615385,0.005267175572519083,0.005151515151515152,0.005151515151515152,0.005037593984962405,0.004925373134328358,0.004814814814814815,0.004705882352941176,0.004598540145985401,0.004492753623188406,0.004388489208633094,0.004285714285714285,0.004285714285714285,0.004184397163120567,0.004084507042253521,0.003986013986013986,0.003888888888888888,0.009166666666666667,0.009310344827586206,0.009310344827586206,0.009452054794520548,0.009591836734693878,0.009729729729729727,0.009865771812080537,0.009999999999999998
0,0,0,0,0,0,0,0,0,0,0,0,0,0,0,0,0,0,0,0,0,0,0,0,0,0,0,0,0,0,0,0,0,0,0,0,0,0,0,0,0,0,0,0,0,0,0,0,0,0,0,0,0,0,0,0,0.0011504424778761065,0.007699115044247787,0.007543859649122806,0.007391304347826087,0.007241379310344827,0.0070940170940170955,0.006949152542372881,0.006806722689075629,0.006666666666666666,0.006528925619834711,0.00639344262295082,0.006260162601626018,0.0061290322580645155,0.006,0.005873015873015872,0.005748031496062992,0.005625,0.005503875968992248,0.005384615384615385,0.005267175572519083,0.005151515151515152,0.005037593984962405,0.005037593984962405,0.004925373134328358,0.004814814814814815,0.004705882352941176,0.004598540145985401,0.004492753623188406,0.004388489208633094,0.004285714285714285,0.004184397163120567,0.004184397163120567,0.004084507042253521,0.003986013986013986,0.003888888888888888,0.0037931034482758617,0.009310344827586206,0.009452054794520548,0.009452054794520548,0.009591836734693878,0.009729729729729727,0.009865771812080537,0.009999999999999998,0.010132450331125826
0,0,0,0,0,0,0,0,0,0,0,0,0,0,0,0,0,0,0,0,0,0,0,0,0,0,0,0,0,0,0,0,0,0,0,0,0,0,0,0,0,0,0,0,0,0,0,0,0,0,0,0,0,0,0,0,0.008771929824561403,0.017543859649122806,0.017391304347826087,0.017241379310344827,0.017094017094017096,0.01694915254237288,0.01680672268907563,0.016666666666666666,0.01652892561983471,0.01639344262295082,0.016260162601626018,0.016129032258064516,0.016,0.015873015873015872,0.015748031496062992,0.015625,0.015503875968992248,0.015384615384615385,0.015267175572519083,0.015151515151515152,0.015037593984962405,0.014925373134328358,0.014925373134328358,0.014814814814814815,0.014705882352941176,0.014598540145985401,0.014492753623188406,0.014388489208633094,0.014285714285714285,0.014184397163120567,0.014084507042253521,0.014084507042253521,0.013986013986013986,0.013888888888888888,0.013793103448275862,0.0136986301369863,0.0005479452054794505,0.0004081632653061204,0.0004081632653061204,0.000270270270270271,0.00013422818791946137,0,0.00013245033112582738,0.0002631578947368436
0,0,0,0,0,0,0,0,0,0,0,0,0,0,0,0,0,0,0,0,0,0,0,0,0,0,0,0,0,0,0,0,0,0,0,0,0,0,0,0,0,0,0,0,0,0,0,0,0,0,0,0,0,0,0,0,0.008771929824561403,0.017543859649122806,0.017391304347826087,0.017241379310344827,0.017094017094017096,0.01694915254237288,0.01680672268907563,0.016666666666666666,0.01652892561983471,0.01639344262295082,0.016260162601626018,0.016129032258064516,0.016,0.015873015873015872,0.015748031496062992,0.015625,0.015503875968992248,0.015384615384615385,0.015267175572519083,0.015151515151515152,0.015037593984962405,0.014925373134328358,0.014925373134328358,0.014814814814814815,0.014705882352941176,0.014598540145985401,0.014492753623188406,0.014388489208633094,0.014285714285714285,0.014184397163120567,0.014084507042253521,0.014084507042253521,0.013986013986013986,0.013888888888888888,0.013793103448275862,0.0136986301369863,0.0005479452054794505,0.0004081632653061204,0.0004081632653061204,0.000270270270270271,0.00013422818791946137,0,0.00013245033112582738,0.0002631578947368436
0,0,0,0,0,0,0,0,0,0,0,0,0,0,0,0,0,0,0,0,0,0,0,0,0,0,0,0,0,0,0,0,0,0,0,0,0,0,0,0,0,0,0,0,0,0,0,0,0,0,0,0,0,0,0,0,0.008695652173913044,0.017391304347826087,0.017241379310344827,0.017094017094017096,0.01694915254237288,0.01680672268907563,0.016666666666666666,0.01652892561983471,0.01639344262295082,0.016260162601626018,0.016129032258064516,0.016,0.015873015873015872,0.015748031496062992,0.015625,0.015503875968992248,0.015384615384615385,0.015267175572519083,0.015151515151515152,0.015037593984962405,0.014925373134328358,0.014814814814814815,0.014814814814814815,0.014705882352941176,0.014598540145985401,0.014492753623188406,0.014388489208633094,0.014285714285714285,0.014184397163120567,0.014084507042253521,0.013986013986013986,0.013986013986013986,0.013888888888888888,0.013793103448275862,0.0136986301369863,0.013605442176870748,0.0004081632653061204,0.000270270270270271,0.000270270270270271,0.00013422818791946137,0,0.00013245033112582738,0.0002631578947368436,0.00039215686274509873
0,0,0,0,0,0,0,0,0,0,0,0,0,0,0,0,0,0,0,0,0,0,0,0,0,0,0,0,0,0,0,0,0,0,0,0,0,0,0,0,0,0,0,0,0,0,0,0,0,0,0,0,0,0,0,0,0.008620689655172414,0.017241379310344827,0.017094017094017096,0.01694915254237288,0.01680672268907563,0.016666666666666666,0.01652892561983471,0.01639344262295082,0.016260162601626018,0.016129032258064516,0.016,0.015873015873015872,0.015748031496062992,0.015625,0.015503875968992248,0.015384615384615385,0.015267175572519083,0.015151515151515152,0.015037593984962405,0.014925373134328358,0.014814814814814815,0.014705882352941176,0.014705882352941176,0.014598540145985401,0.014492753623188406,0.014388489208633094,0.014285714285714285,0.014184397163120567,0.014084507042253521,0.013986013986013986,0.013888888888888888,0.013888888888888888,0.013793103448275862,0.0136986301369863,0.013605442176870748,0.013513513513513514,0.000270270270270271,0.00013422818791946137,0.00013422818791946137,0,0.00013245033112582738,0.0002631578947368436,0.00039215686274509873,0.0005194805194805203
0,0,0,0,0,0,0,0,0,0,0,0,0,0,0,0,0,0,0,0,0,0,0,0,0,0,0,0,0,0,0,0,0,0,0,0,0,0,0,0,0,0,0,0,0,0,0,0,0,0,0,0,0,0,0,0,0.008547008547008548,0.017094017094017096,0.01694915254237288,0.01680672268907563,0.016666666666666666,0.01652892561983471,0.01639344262295082,0.016260162601626018,0.016129032258064516,0.016,0.015873015873015872,0.015748031496062992,0.015625,0.015503875968992248,0.015384615384615385,0.015267175572519083,0.015151515151515152,0.015037593984962405,0.014925373134328358,0.014814814814814815,0.014705882352941176,0.014598540145985401,0.014598540145985401,0.014492753623188406,0.014388489208633094,0.014285714285714285,0.014184397163120567,0.014084507042253521,0.013986013986013986,0.013888888888888888,0.013793103448275862,0.013793103448275862,0.0136986301369863,0.013605442176870748,0.013513513513513514,0.013422818791946308,0.00013422818791946137,0,0,0.00013245033112582738,0.0002631578947368436,0.00039215686274509873,0.0005194805194805203,0.0006451612903225802
0,0,0,0,0,0,0,0,0,0,0,0,0,0,0,0,0,0,0,0,0,0,0,0,0,0,0,0,0,0,0,0,0,0,0,0,0,0,0,0,0,0,0,0,0,0,0,0,0,0,0,0,0,0,0,0,0.00847457627118644,0.01694915254237288,0.01680672268907563,0.016666666666666666,0.01652892561983471,0.01639344262295082,0.016260162601626018,0.016129032258064516,0.016,0.015873015873015872,0.015748031496062992,0.015625,0.015503875968992248,0.015384615384615385,0.015267175572519083,0.015151515151515152,0.015037593984962405,0.014925373134328358,0.014814814814814815,0.014705882352941176,0.014598540145985401,0.014492753623188406,0.014492753623188406,0.014388489208633094,0.014285714285714285,0.014184397163120567,0.014084507042253521,0.013986013986013986,0.013888888888888888,0.013793103448275862,0.0136986301369863,0.0136986301369863,0.013605442176870748,0.013513513513513514,0.013422818791946308,0.013333333333333334,0,0.00013245033112582738,0.00013245033112582738,0.0002631578947368436,0.00039215686274509873,0.0005194805194805203,0.0006451612903225802,0.0007692307692307686
0,0,0,0,0,0,0,0,0,0,0,0,0,0,0,0,0,0,0,0,0,0,0,0,0,0,0,0,0,0,0,0,0,0,0,0,0,0,0,0,0,0,0,0,0,0,0,0,0,0,0,0,0,0,0,0,0.008403361344537815,0.01680672268907563,0.016666666666666666,0.01652892561983471,0.01639344262295082,0.016260162601626018,0.016129032258064516,0.016,0.015873015873015872,0.015748031496062992,0.015625,0.015503875968992248,0.015384615384615385,0.015267175572519083,0.015151515151515152,0.015037593984962405,0.014925373134328358,0.014814814814814815,0.014705882352941176,0.014598540145985401,0.014492753623188406,0.014388489208633094,0.014388489208633094,0.014285714285714285,0.014184397163120567,0.014084507042253521,0.013986013986013986,0.013888888888888888,0.013793103448275862,0.0136986301369863,0.013605442176870748,0.013605442176870748,0.013513513513513514,0.013422818791946308,0.013333333333333334,0.013245033112582781,0.00013245033112582738,0.0002631578947368436,0.0002631578947368436,0.00039215686274509873,0.0005194805194805203,0.0006451612903225802,0.0007692307692307686,0.0008917197452229311
0,0,0,0,0,0,0,0,0,0,0,0,0,0,0,0,0,0,0,0,0,0,0,0,0,0,0,0,0,0,0,0,0,0,0,0,0,0,0,0,0,0,0,0,0,0,0,0,0,0,0,0,0,0,0,0,0.008333333333333333,0.016666666666666666,0.01652892561983471,0.01639344262295082,0.016260162601626018,0.016129032258064516,0.016,0.015873015873015872,0.015748031496062992,0.015625,0.015503875968992248,0.015384615384615385,0.015267175572519083,0.015151515151515152,0.015037593984962405,0.014925373134328358,0.014814814814814815,0.014705882352941176,0.014598540145985401,0.014492753623188406,0.014388489208633094,0.014285714285714285,0.014285714285714285,0.014184397163120567,0.014084507042253521,0.013986013986013986,0.013888888888888888,0.013793103448275862,0.0136986301369863,0.013605442176870748,0.013513513513513514,0.013513513513513514,0.013422818791946308,0.013333333333333334,0.013245033112582781,0.013157894736842105,0.0002631578947368436,0.00039215686274509873,0.00039215686274509873,0.0005194805194805203,0.0006451612903225802,0.0007692307692307686,0.0008917197452229311,0.0010126582278481011
0,0,0,0,0,0,0,0,0,0,0,0,0,0,0,0,0,0,0,0,0,0,0,0,0,0,0,0,0,0,0,0,0,0,0,0,0,0,0,0,0,0,0,0,0,0,0,0,0,0,0,0,0,0,0,0,0.008333333333333333,0.016666666666666666,0.01652892561983471,0.01639344262295082,0.016260162601626018,0.016129032258064516,0.016,0.015873015873015872,0.015748031496062992,0.015625,0.015503875968992248,0.015384615384615385,0.015267175572519083,0.015151515151515152,0.015037593984962405,0.014925373134328358,0.014814814814814815,0.014705882352941176,0.014598540145985401,0.014492753623188406,0.014388489208633094,0.014285714285714285,0.014285714285714285,0.014184397163120567,0.014084507042253521,0.013986013986013986,0.013888888888888888,0.013793103448275862,0.0136986301369863,0.013605442176870748,0.013513513513513514,0.013513513513513514,0.013422818791946308,0.013333333333333334,0.013245033112582781,0.013157894736842105,0.0002631578947368436,0.00039215686274509873,0.00039215686274509873,0.0005194805194805203,0.0006451612903225802,0.0007692307692307686,0.0008917197452229311,0.0010126582278481011
0,0,0,0,0,0,0,0,0,0,0,0,0,0,0,0,0,0,0,0,0,0,0,0,0,0,0,0,0,0,0,0,0,0,0,0,0,0,0,0,0,0,0,0,0,0,0,0,0,0,0,0,0,0,0,0,0.008264462809917356,0.01652892561983471,0.01639344262295082,0.016260162601626018,0.016129032258064516,0.016,0.015873015873015872,0.015748031496062992,0.015625,0.015503875968992248,0.015384615384615385,0.015267175572519083,0.015151515151515152,0.015037593984962405,0.014925373134328358,0.014814814814814815,0.014705882352941176,0.014598540145985401,0.014492753623188406,0.014388489208633094,0.014285714285714285,0.014184397163120567,0.014184397163120567,0.014084507042253521,0.013986013986013986,0.013888888888888888,0.013793103448275862,0.0136986301369863,0.013605442176870748,0.013513513513513514,0.013422818791946308,0.013422818791946308,0.013333333333333334,0.013245033112582781,0.013157894736842105,0.013071895424836602,0.00039215686274509873,0.0005194805194805203,0.0005194805194805203,0.0006451612903225802,0.0007692307692307686,0.0008917197452229311,0.0010126582278481011,0.0011320754716981143
0,0,0,0,0,0,0,0,0,0,0,0,0,0,0,0,0,0,0,0,0,0,0,0,0,0,0,0,0,0,0,0,0,0,0,0,0,0,0,0,0,0,0,0,0,0,0,0,0,0,0,0,0,0,0,0,0.00819672131147541,0.01639344262295082,0.016260162601626018,0.016129032258064516,0.016,0.015873015873015872,0.015748031496062992,0.015625,0.015503875968992248,0.015384615384615385,0.015267175572519083,0.015151515151515152,0.015037593984962405,0.014925373134328358,0.014814814814814815,0.014705882352941176,0.014598540145985401,0.014492753623188406,0.014388489208633094,0.014285714285714285,0.014184397163120567,0.014084507042253521,0.014084507042253521,0.013986013986013986,0.013888888888888888,0.013793103448275862,0.0136986301369863,0.013605442176870748,0.013513513513513514,0.013422818791946308,0.013333333333333334,0.013333333333333334,0.013245033112582781,0.013157894736842105,0.013071895424836602,0.012987012987012988,0.0005194805194805203,0.0006451612903225802,0.0006451612903225802,0.0007692307692307686,0.0008917197452229311,0.0010126582278481011,0.0011320754716981143,0.0012500000000000011
0,0,0,0,0,0,0,0,0,0,0,0,0,0,0,0,0,0,0,0,0,0,0,0,0,0,0,0,0,0,0,0,0,0,0,0,0,0,0,0,0,0,0,0,0,0,0,0,0,0,0,0,0,0,0,0,0.008130081300813009,0.016260162601626018,0.016129032258064516,0.016,0.015873015873015872,0.015748031496062992,0.015625,0.015503875968992248,0.015384615384615385,0.015267175572519083,0.015151515151515152,0.015037593984962405,0.014925373134328358,0.014814814814814815,0.014705882352941176,0.014598540145985401,0.014492753623188406,0.014388489208633094,0.014285714285714285,0.014184397163120567,0.014084507042253521,0.013986013986013986,0.013986013986013986,0.013888888888888888,0.013793103448275862,0.0136986301369863,0.013605442176870748,0.013513513513513514,0.013422818791946308,0.013333333333333334,0.013245033112582781,0.013245033112582781,0.013157894736842105,0.013071895424836602,0.012987012987012988,0.012903225806451613,0.0006451612903225802,0.0007692307692307686,0.0007692307692307686,0.0008917197452229311,0.0010126582278481011,0.0011320754716981143,0.0012500000000000011,0.0013664596273291925
0,0,0,0,0,0,0,0,0,0,0,0,0,0,0,0,0,0,0,0,0,0,0,0,0,0,0,0,0,0,0,0,0,0,0,0,0,0,0,0,0,0,0,0,0,0,0,0,0,0,0,0,0,0,0,0,0.008064516129032258,0.016129032258064516,0.016,0.015873015873015872,0.015748031496062992,0.015625,0.015503875968992248,0.015384615384615385,0.015267175572519083,0.015151515151515152,0.015037593984962405,0.014925373134328358,0.014814814814814815,0.014705882352941176,0.014598540145985401,0.014492753623188406,0.014388489208633094,0.014285714285714285,0.014184397163120567,0.014084507042253521,0.013986013986013986,0.013888888888888888,0.013888888888888888,0.013793103448275862,0.0136986301369863,0.013605442176870748,0.013513513513513514,0.013422818791946308,0.013333333333333334,0.013245033112582781,0.013157894736842105,0.013157894736842105,0.013071895424836602,0.012987012987012988,0.012903225806451613,0.01282051282051282,0.0007692307692307686,0.0008917197452229311,0.0008917197452229311,0.0010126582278481011,0.0011320754716981143,0.0012500000000000011,0.0013664596273291925,0.001481481481481483
0,0,0,0,0,0,0,0,0,0,0,0,0,0,0,0,0,0,0,0,0,0,0,0,0,0,0,0,0,0,0,0,0,0,0,0,0,0,0,0,0,0,0,0,0,0,0,0,0,0,0,0,0,0,0,0,0.008,0.016,0.015873015873015872,0.015748031496062992,0.015625,0.015503875968992248,0.015384615384615385,0.015267175572519083,0.015151515151515152,0.015037593984962405,0.014925373134328358,0.014814814814814815,0.014705882352941176,0.014598540145985401,0.014492753623188406,0.014388489208633094,0.014285714285714285,0.014184397163120567,0.014084507042253521,0.013986013986013986,0.013888888888888888,0.013793103448275862,0.013793103448275862,0.0136986301369863,0.013605442176870748,0.013513513513513514,0.013422818791946308,0.013333333333333334,0.013245033112582781,0.013157894736842105,0.013071895424836602,0.013071895424836602,0.012987012987012988,0.012903225806451613,0.01282051282051282,0.012738853503184714,0.0008917197452229311,0.0010126582278481011,0.0010126582278481011,0.0011320754716981143,0.0012500000000000011,0.0013664596273291925,0.001481481481481483,0.0015950920245398764
0,0,0,0,0,0,0,0,0,0,0,0,0,0,0,0,0,0,0,0,0,0,0,0,0,0,0,0,0,0,0,0,0,0,0,0,0,0,0,0,0,0,0,0,0,0,0,0,0,0,0,0,0,0,0,0,0.007936507936507936,0.015873015873015872,0.015748031496062992,0.015625,0.015503875968992248,0.015384615384615385,0.015267175572519083,0.015151515151515152,0.015037593984962405,0.014925373134328358,0.014814814814814815,0.014705882352941176,0.014598540145985401,0.014492753623188406,0.014388489208633094,0.014285714285714285,0.014184397163120567,0.014084507042253521,0.013986013986013986,0.013888888888888888,0.013793103448275862,0.0136986301369863,0.0136986301369863,0.013605442176870748,0.013513513513513514,0.013422818791946308,0.013333333333333334,0.013245033112582781,0.013157894736842105,0.013071895424836602,0.012987012987012988,0.012987012987012988,0.012903225806451613,0.01282051282051282,0.012738853503184714,0.012658227848101266,0.0010126582278481011,0.0011320754716981143,0.0011320754716981143,0.0012500000000000011,0.0013664596273291925,0.001481481481481483,0.0015950920245398764,0.0017073170731707332
0,0,0,0,0,0,0,0,0,0,0,0,0,0,0,0,0,0,0,0,0,0,0,0,0,0,0,0,0,0,0,0,0,0,0,0,0,0,0,0,0,0,0,0,0,0,0,0,0,0,0,0,0,0,0,0,0.007874015748031496,0.015748031496062992,0.015625,0.015503875968992248,0.015384615384615385,0.015267175572519083,0.015151515151515152,0.015037593984962405,0.014925373134328358,0.014814814814814815,0.014705882352941176,0.014598540145985401,0.014492753623188406,0.014388489208633094,0.014285714285714285,0.014184397163120567,0.014084507042253521,0.013986013986013986,0.013888888888888888,0.013793103448275862,0.0136986301369863,0.013605442176870748,0.013605442176870748,0.013513513513513514,0.013422818791946308,0.013333333333333334,0.013245033112582781,0.013157894736842105,0.013071895424836602,0.012987012987012988,0.012903225806451613,0.012903225806451613,0.01282051282051282,0.012738853503184714,0.012658227848101266,0.012578616352201259,0.0011320754716981143,0.0012500000000000011,0.0012500000000000011,0.0013664596273291925,0.001481481481481483,0.0015950920245398764,0.0017073170731707332,0.0018181818181818195
0,0,0,0,0,0,0,0,0,0,0,0,0,0,0,0,0,0,0,0,0,0,0,0,0,0,0,0,0,0,0,0,0,0,0,0,0,0,0,0,0,0,0,0,0,0,0,0,0,0,0,0,0,0,0,0,0.0078125,0.015625,0.015503875968992248,0.015384615384615385,0.015267175572519083,0.015151515151515152,0.015037593984962405,0.014925373134328358,0.014814814814814815,0.014705882352941176,0.014598540145985401,0.014492753623188406,0.014388489208633094,0.014285714285714285,0.014184397163120567,0.014084507042253521,0.013986013986013986,0.013888888888888888,0.013793103448275862,0.0136986301369863,0.013605442176870748,0.013513513513513514,0.013513513513513514,0.013422818791946308,0.013333333333333334,0.013245033112582781,0.013157894736842105,0.013071895424836602,0.012987012987012988,0.012903225806451613,0.01282051282051282,0.01282051282051282,0.012738853503184714,0.012658227848101266,0.012578616352201259,0.0125,0.0012500000000000011,0.0013664596273291925,0.0013664596273291925,0.001481481481481483,0.0015950920245398764,0.0017073170731707332,0.0018181818181818195,0.0019277108433734952
0,0,0,0,0,0,0,0,0,0,0,0,0,0,0,0,0,0,0,0,0,0,0,0,0,0,0,0,0,0,0,0,0,0,0,0,0,0,0,0,0,0,0,0,0,0,0,0,0,0,0,0,0,0,0,0,0.007751937984496124,0.015503875968992248,0.015384615384615385,0.015267175572519083,0.015151515151515152,0.015037593984962405,0.014925373134328358,0.014814814814814815,0.014705882352941176,0.014598540145985401,0.014492753623188406,0.014388489208633094,0.014285714285714285,0.014184397163120567,0.014084507042253521,0.013986013986013986,0.013888888888888888,0.013793103448275862,0.0136986301369863,0.013605442176870748,0.013513513513513514,0.013422818791946308,0.013422818791946308,0.013333333333333334,0.013245033112582781,0.013157894736842105,0.013071895424836602,0.012987012987012988,0.012903225806451613,0.01282051282051282,0.012738853503184714,0.012738853503184714,0.012658227848101266,0.012578616352201259,0.0125,0.012422360248447204,0.0013664596273291925,0.001481481481481483,0.001481481481481483,0.0015950920245398764,0.0017073170731707332,0.0018181818181818195,0.0019277108433734952,0.002035928143712576
0,0,0,0,0,0,0,0,0,0,0,0,0,0,0,0,0,0,0,0,0,0,0,0,0,0,0,0,0,0,0,0,0,0,0,0,0,0,0,0,0,0,0,0,0,0,0,0,0,0,0,0,0.002063492063492064,0.0021259842519685043,0.0021875,0.0022480620155038763,0.005503875968992248,0.013255813953488372,0.013076923076923078,0.012900763358778626,0.012727272727272728,0.012556390977443608,0.012388059701492536,0.012222222222222223,0.012058823529411766,0.011897810218978103,0.011739130434782608,0.011582733812949641,0.011428571428571429,0.01127659574468085,0.011126760563380281,0.01097902097902098,0.010833333333333332,0.010689655172413793,0.01054794520547945,0.01040816326530612,0.010270270270270271,0.010134228187919462,0.010134228187919462,0.01,0.009867549668874173,0.009736842105263157,0.009607843137254901,0.00948051948051948,0.00935483870967742,0.009230769230769232,0.009108280254777069,0.009108280254777069,0.008987341772151899,0.008867924528301886,0.008749999999999999,0.008633540372670808,0.005155279503105591,0.005308641975308642,0.005308641975308642,0.005460122699386501,0.005609756097560974,0.0057575757575757565,0.005903614457831323,0.006047904191616764
0,0,0,0,0,0,0,0,0,0,0,0,0,0,0,0,0,0,0,0,0,0,0,0,0,0,0,0,0,0,0,0,0,0,0,0,0,0,0,0,0,0,0,0,0,0,0,0,0,0,0,0,0.0021259842519685043,0.0021875,0.0022480620155038763,0.0023076923076923075,0.005384615384615385,0.013076923076923078,0.012900763358778626,0.012727272727272728,0.012556390977443608,0.012388059701492536,0.012222222222222223,0.012058823529411766,0.011897810218978103,0.011739130434782608,0.011582733812949641,0.011428571428571429,0.01127659574468085,0.011126760563380281,0.01097902097902098,0.010833333333333332,0.010689655172413793,0.01054794520547945,0.01040816326530612,0.010270270270270271,0.010134228187919462,0.01,0.01,0.009867549668874173,0.009736842105263157,0.009607843137254901,0.00948051948051948,0.00935483870967742,0.009230769230769232,0.009108280254777069,0.008987341772151899,0.008987341772151899,0.008867924528301886,0.008749999999999999,0.008633540372670808,0.008518518518518517,0.005308641975308642,0.005460122699386501,0.005460122699386501,0.005609756097560974,0.0057575757575757565,0.005903614457831323,0.006047904191616764,0.006190476190476191
0,0,0,0,0,0,0,0,0,0,0,0,0,0,0,0,0,0,0,0,0,0,0,0,0,0,0,0,0,0,0,0,0,0,0,0,0,0,0,0,0,0,0,0,0,0,0,0,0,0,0,0,0.0021875,0.0022480620155038763,0.0023076923076923075,0.0023664122137404585,0.005267175572519083,0.012900763358778626,0.012727272727272728,0.012556390977443608,0.012388059701492536,0.012222222222222223,0.012058823529411766,0.011897810218978103,0.011739130434782608,0.011582733812949641,0.011428571428571429,0.01127659574468085,0.011126760563380281,0.01097902097902098,0.010833333333333332,0.010689655172413793,0.01054794520547945,0.01040816326530612,0.010270270270270271,0.010134228187919462,0.01,0.009867549668874173,0.009867549668874173,0.009736842105263157,0.009607843137254901,0.00948051948051948,0.00935483870967742,0.009230769230769232,0.009108280254777069,0.008987341772151899,0.008867924528301886,0.008867924528301886,0.008749999999999999,0.008633540372670808,0.008518518518518517,0.008404907975460124,0.005460122699386501,0.005609756097560974,0.005609756097560974,0.0057575757575757565,0.005903614457831323,0.006047904191616764,0.006190476190476191,0.006331360946745562
0,0,0,0,0,0,0,0,0,0,0,0,0,0,0,0,0,0,0,0,0,0,0,0,0,0,0,0,0,0,0,0,0,0,0,0,0,0,0,0,0,0,0,0,0,0,0,0,0,0,0,0,0.0022480620155038763,0.0023076923076923075,0.0023664122137404585,0.0024242424242424242,0.005151515151515152,0.012727272727272728,0.012556390977443608,0.012388059701492536,0.012222222222222223,0.012058823529411766,0.011897810218978103,0.011739130434782608,0.011582733812949641,0.011428571428571429,0.01127659574468085,0.011126760563380281,0.01097902097902098,0.010833333333333332,0.010689655172413793,0.01054794520547945,0.01040816326530612,0.010270270270270271,0.010134228187919462,0.01,0.009867549668874173,0.009736842105263157,0.009736842105263157,0.009607843137254901,0.00948051948051948,0.00935483870967742,0.009230769230769232,0.009108280254777069,0.008987341772151899,0.008867924528301886,0.008749999999999999,0.008749999999999999,0.008633540372670808,0.008518518518518517,0.008404907975460124,0.008292682926829267,0.005609756097560974,0.0057575757575757565,0.0057575757575757565,0.005903614457831323,0.006047904191616764,0.006190476190476191,0.006331360946745562,0.006470588235294117
0,0,0,0,0,0,0,0,0,0,0,0,0,0,0,0,0,0,0,0,0,0,0,0,0,0,0,0,0,0,0,0,0,0,0,0,0,0,0,0,0,0,0,0,0,0,0,0,0,0,0,0,0.0023076923076923075,0.0023664122137404585,0.0024242424242424242,0.0024812030075187976,0.005037593984962405,0.012556390977443608,0.012388059701492536,0.012222222222222223,0.012058823529411766,0.011897810218978103,0.011739130434782608,0.011582733812949641,0.011428571428571429,0.01127659574468085,0.011126760563380281,0.01097902097902098,0.010833333333333332,0.010689655172413793,0.01054794520547945,0.01040816326530612,0.010270270270270271,0.010134228187919462,0.01,0.009867549668874173,0.009736842105263157,0.009607843137254901,0.009607843137254901,0.00948051948051948,0.00935483870967742,0.009230769230769232,0.009108280254777069,0.008987341772151899,0.008867924528301886,0.008749999999999999,0.008633540372670808,0.008633540372670808,0.008518518518518517,0.008404907975460124,0.008292682926829267,0.00818181818181818,0.0057575757575757565,0.005903614457831323,0.005903614457831323,0.006047904191616764,0.006190476190476191,0.006331360946745562,0.006470588235294117,0.006608187134502924
0,0,0,0,0,0,0,0,0,0,0,0,0,0,0,0,0,0,0,0,0,0,0,0,0,0,0,0,0,0,0,0,0,0,0,0,0,0,0,0,0,0,0,0,0,0,0,0,0,0,0,0,0.0023664122137404585,0.0024242424242424242,0.0024812030075187976,0.0025373134328358212,0.004925373134328358,0.012388059701492536,0.012222222222222223,0.012058823529411766,0.011897810218978103,0.011739130434782608,0.011582733812949641,0.011428571428571429,0.01127659574468085,0.011126760563380281,0.01097902097902098,0.010833333333333332,0.010689655172413793,0.01054794520547945,0.01040816326530612,0.010270270270270271,0.010134228187919462,0.01,0.009867549668874173,0.009736842105263157,0.009607843137254901,0.00948051948051948,0.00948051948051948,0.00935483870967742,0.009230769230769232,0.009108280254777069,0.008987341772151899,0.008867924528301886,0.008749999999999999,0.008633540372670808,0.008518518518518517,0.008518518518518517,0.008404907975460124,0.008292682926829267,0.00818181818181818,0.008072289156626505,0.005903614457831323,0.006047904191616764,0.006047904191616764,0.006190476190476191,0.006331360946745562,0.006470588235294117,0.006608187134502924,0.006744186046511627
0,0,0,0,0,0,0,0,0,0,0,0,0,0,0,0,0,0,0,0,0,0,0,0,0,0,0,0,0,0,0,0,0,0,0,0,0,0,0,0,0,0,0,0,0,0,0,0,0,0,0,0,0.0024242424242424242,0.0024812030075187976,0.0025373134328358212,0.0025925925925925925,0.004814814814814815,0.012222222222222223,0.012058823529411766,0.011897810218978103,0.011739130434782608,0.011582733812949641,0.011428571428571429,0.01127659574468085,0.011126760563380281,0.01097902097902098,0.010833333333333332,0.010689655172413793,0.01054794520547945,0.01040816326530612,0.010270270270270271,0.010134228187919462,0.01,0.009867549668874173,0.009736842105263157,0.009607843137254901,0.00948051948051948,0.00935483870967742,0.00935483870967742,0.009230769230769232,0.009108280254777069,0.008987341772151899,0.008867924528301886,0.008749999999999999,0.008633540372670808,0.008518518518518517,0.008404907975460124,0.008404907975460124,0.008292682926829267,0.00818181818181818,0.008072289156626505,0.007964071856287424,0.006047904191616764,0.006190476190476191,0.006190476190476191,0.006331360946745562,0.006470588235294117,0.006608187134502924,0.006744186046511627,0.006878612716763006
0,0,0,0,0,0,0,0,0,0,0,0,0,0,0,0,0,0,0,0,0,0,0,0,0,0,0,0,0,0,0,0,0,0,0,0,0,0,0,0,0,0,0,0,0,0,0,0,0,0,0,0,0.0024812030075187976,0.0025373134328358212,0.0025925925925925925,0.002647058823529412,0.004705882352941176,0.012058823529411766,0.011897810218978103,0.011739130434782608,0.011582733812949641,0.011428571428571429,0.01127659574468085,0.011126760563380281,0.01097902097902098,0.010833333333333332,0.010689655172413793,0.01054794520547945,0.01040816326530612,0.010270270270270271,0.010134228187919462,0.01,0.009867549668874173,0.009736842105263157,0.009607843137254901,0.00948051948051948,0.00935483870967742,0.009230769230769232,0.009230769230769232,0.009108280254777069,0.008987341772151899,0.008867924528301886,0.008749999999999999,0.008633540372670808,0.008518518518518517,0.008404907975460124,0.008292682926829267,0.008292682926829267,0.00818181818181818,0.008072289156626505,0.007964071856287424,0.007857142857142856,0.003809523809523808,0.003668639053254437,0.003668639053254437,0.0035294117647058816,0.0033918128654970743,0.0032558139534883714,0.0031213872832369927,0.002988505747126436
0,0,0,0,0,0,0,0,0,0,0,0,0,0,0,0,0,0,0,0,0,0,0,0,0,0,0,0,0,0,0,0,0,0,0,0,0,0,0,0,0,0,0,0,0,0,0,0,0,0,0,0,0.0025373134328358212,0.0025925925925925925,0.002647058823529412,0.0027007299270072997,0.004598540145985401,0.011897810218978103,0.011739130434782608,0.011582733812949641,0.011428571428571429,0.01127659574468085,0.011126760563380281,0.01097902097902098,0.010833333333333332,0.010689655172413793,0.01054794520547945,0.01040816326530612,0.010270270270270271,0.010134228187919462,0.01,0.009867549668874173,0.009736842105263157,0.009607843137254901,0.00948051948051948,0.00935483870967742,0.009230769230769232,0.009108280254777069,0.009108280254777069,0.008987341772151899,0.008867924528301886,0.008749999999999999,0.008633540372670808,0.008518518518518517,0.008404907975460124,0.008292682926829267,0.00818181818181818,0.00818181818181818,0.008072289156626505,0.007964071856287424,0.007857142857142856,0.007751479289940829,0.003668639053254437,0.0035294117647058816,0.0035294117647058816,0.0033918128654970743,0.0032558139534883714,0.0031213872832369927,0.002988505747126436,0.0028571428571428567
0,0,0,0,0,0,0,0,0,0,0,0,0,0,0,0,0,0,0,0,0,0,0,0,0,0,0,0,0,0,0,0,0,0,0,0,0,0,0,0,0,0,0,0,0,0,0,0,0,0,0,0,0.0025925925925925925,0.002647058823529412,0.0027007299270072997,0.0027536231884057972,0.004492753623188406,0.011739130434782608,0.011582733812949641,0.011428571428571429,0.01127659574468085,0.011126760563380281,0.01097902097902098,0.010833333333333332,0.010689655172413793,0.01054794520547945,0.01040816326530612,0.010270270270270271,0.010134228187919462,0.01,0.009867549668874173,0.009736842105263157,0.009607843137254901,0.00948051948051948,0.00935483870967742,0.009230769230769232,0.009108280254777069,0.008987341772151899,0.008987341772151899,0.008867924528301886,0.008749999999999999,0.008633540372670808,0.008518518518518517,0.008404907975460124,0.008292682926829267,0.00818181818181818,0.008072289156626505,0.008072289156626505,0.007964071856287424,0.007857142857142856,0.007751479289940829,0.007647058823529411,0.0035294117647058816,0.0033918128654970743,0.0033918128654970743,0.0032558139534883714,0.0031213872832369927,0.002988505747126436,0.0028571428571428567,0.0027272727272727275
0,0,0,0,0,0,0,0,0,0,0,0,0,0,0,0,0,0,0,0,0,0,0,0,0,0,0,0,0,0,0,0,0,0,0,0,0,0,0,0,0,0,0,0,0,0,0,0,0,0,0,0,0.002647058823529412,0.0027007299270072997,0.0027536231884057972,0.002805755395683453,0.004388489208633094,0.011582733812949641,0.011428571428571429,0.01127659574468085,0.011126760563380281,0.01097902097902098,0.010833333333333332,0.010689655172413793,0.01054794520547945,0.01040816326530612,0.010270270270270271,0.010134228187919462,0.01,0.009867549668874173,0.009736842105263157,0.009607843137254901,0.00948051948051948,0.00935483870967742,0.009230769230769232,0.009108280254777069,0.008987341772151899,0.008867924528301886,0.008867924528301886,0.008749999999999999,0.008633540372670808,0.008518518518518517,0.008404907975460124,0.008292682926829267,0.00818181818181818,0.008072289156626505,0.007964071856287424,0.007964071856287424,0.007857142857142856,0.007751479289940829,0.007647058823529411,0.007543859649122806,0.0033918128654970743,0.0032558139534883714,0.0032558139534883714,0.0031213872832369927,0.002988505747126436,0.0028571428571428567,0.0027272727272727275,0.0025988700564971746
0,0,0,0,0,0,0,0,0,0,0,0,0,0,0,0,0,0,0,0,0,0,0,0,0,0,0,0,0,0,0,0,0,0,0,0,0,0,0,0,0,0,0,0,0,0,0,0,0,0,0,0,0.0027007299270072997,0.0027536231884057972,0.002805755395683453,0.0028571428571428576,0.004285714285714285,0.011428571428571429,0.01127659574468085,0.011126760563380281,0.01097902097902098,0.010833333333333332,0.010689655172413793,0.01054794520547945,0.01040816326530612,0.010270270270270271,0.010134228187919462,0.01,0.009867549668874173,0.009736842105263157,0.009607843137254901,0.00948051948051948,0.00935483870967742,0.009230769230769232,0.009108280254777069,0.008987341772151899,0.008867924528301886,0.008749999999999999,0.008749999999999999,0.008633540372670808,0.008518518518518517,0.008404907975460124,0.008292682926829267,0.00818181818181818,0.008072289156626505,0.007964071856287424,0.007857142857142856,0.007857142857142856,0.007751479289940829,0.007647058823529411,0.007543859649122806,0.007441860465116279,0.0032558139534883714,0.0031213872832369927,0.0031213872832369927,0.002988505747126436,0.0028571428571428567,0.0027272727272727275,0.0025988700564971746,0.0024719101123595495
0,0,0,0,0,0,0,0,0,0,0,0,0,0,0,0,0,0,0,0,0,0,0,0,0,0,0,0,0,0,0,0,0,0,0,0,0,0,0,0,0,0,0,0,0,0,0,0,0,0,0,0,0.0027536231884057972,0.002805755395683453,0.0028571428571428576,0.0029078014184397167,0.004184397163120567,0.01127659574468085,0.011126760563380281,0.01097902097902098,0.010833333333333332,0.010689655172413793,0.01054794520547945,0.01040816326530612,0.010270270270270271,0.010134228187919462,0.01,0.009867549668874173,0.009736842105263157,0.009607843137254901,0.00948051948051948,0.00935483870967742,0.009230769230769232,0.009108280254777069,0.008987341772151899,0.008867924528301886,0.008749999999999999,0.008633540372670808,0.008633540372670808,0.008518518518518517,0.008404907975460124,0.008292682926829267,0.00818181818181818,0.008072289156626505,0.007964071856287424,0.007857142857142856,0.007751479289940829,0.007751479289940829,0.007647058823529411,0.007543859649122806,0.007441860465116279,0.007341040462427744,0.0031213872832369927,0.002988505747126436,0.002988505747126436,0.0028571428571428567,0.0027272727272727275,0.0025988700564971746,0.0024719101123595495,0.002346368715083799
0,0,0,0,0,0,0,0,0,0,0,0,0,0,0,0,0,0,0,0,0,0,0,0,0,0,0,0,0,0,0,0,0,0,0,0,0,0,0,0,0,0,0,0,0,0,0,0,0,0,0,0,0.0027536231884057972,0.002805755395683453,0.0028571428571428576,0.0029078014184397167,0.004184397163120567,0.01127659574468085,0.011126760563380281,0.01097902097902098,0.010833333333333332,0.010689655172413793,0.01054794520547945,0.01040816326530612,0.010270270270270271,0.010134228187919462,0.01,0.009867549668874173,0.009736842105263157,0.009607843137254901,0.00948051948051948,0.00935483870967742,0.009230769230769232,0.009108280254777069,0.008987341772151899,0.008867924528301886,0.008749999999999999,0.008633540372670808,0.008633540372670808,0.008518518518518517,0.008404907975460124,0.008292682926829267,0.00818181818181818,0.008072289156626505,0.007964071856287424,0.007857142857142856,0.007751479289940829,0.007751479289940829,0.007647058823529411,0.007543859649122806,0.007441860465116279,0.007341040462427744,0.0031213872832369927,0.002988505747126436,0.002988505747126436,0.0028571428571428567,0.0027272727272727275,0.0025988700564971746,0.0024719101123595495,0.002346368715083799
0,0,0,0,0,0,0,0,0,0,0,0,0,0,0,0,0,0,0,0,0,0,0,0,0,0,0,0,0,0,0,0,0,0,0,0,0,0,0,0,0,0,0,0,0,0,0,0,0,0,0,0,0.0027536231884057972,0.002805755395683453,0.0028571428571428576,0.0029078014184397167,0.004184397163120567,0.01127659574468085,0.011126760563380281,0.01097902097902098,0.010833333333333332,0.010689655172413793,0.01054794520547945,0.01040816326530612,0.010270270270270271,0.010134228187919462,0.01,0.009867549668874173,0.009736842105263157,0.009607843137254901,0.00948051948051948,0.00935483870967742,0.009230769230769232,0.009108280254777069,0.008987341772151899,0.008867924528301886,0.008749999999999999,0.008633540372670808,0.008633540372670808,0.008518518518518517,0.008404907975460124,0.008292682926829267,0.00818181818181818,0.008072289156626505,0.007964071856287424,0.007857142857142856,0.007751479289940829,0.007751479289940829,0.007647058823529411,0.007543859649122806,0.007441860465116279,0.007341040462427744,0.0031213872832369927,0.002988505747126436,0.002988505747126436,0.0028571428571428567,0.0027272727272727275,0.0025988700564971746,0.0024719101123595495,0.002346368715083799
0,0,0,0,0,0,0,0,0,0,0,0,0,0,0,0,0,0,0,0,0,0,0,0,0,0,0,0,0,0,0,0,0,0,0,0,0,0,0,0,0,0,0,0,0,0,0,0,0,0,0,0,0.002805755395683453,0.0028571428571428576,0.0029078014184397167,0.0029577464788732395,0.004084507042253521,0.011126760563380281,0.01097902097902098,0.010833333333333332,0.010689655172413793,0.01054794520547945,0.01040816326530612,0.010270270270270271,0.010134228187919462,0.01,0.009867549668874173,0.009736842105263157,0.009607843137254901,0.00948051948051948,0.00935483870967742,0.009230769230769232,0.009108280254777069,0.008987341772151899,0.008867924528301886,0.008749999999999999,0.008633540372670808,0.008518518518518517,0.008518518518518517,0.008404907975460124,0.008292682926829267,0.00818181818181818,0.008072289156626505,0.007964071856287424,0.007857142857142856,0.007751479289940829,0.007647058823529411,0.007647058823529411,0.007543859649122806,0.007441860465116279,0.007341040462427744,0.007241379310344827,0.002988505747126436,0.0028571428571428567,0.0028571428571428567,0.0027272727272727275,0.0025988700564971746,0.0024719101123595495,0.002346368715083799,0.0022222222222222227
0,0,0,0,0,0,0,0,0,0,0,0,0,0,0,0,0,0,0,0,0,0,0,0,0,0,0,0,0,0,0,0,0,0,0,0,0,0,0,0,0,0,0,0,0,0,0,0,0,0,0,0,0.0028571428571428576,0.0029078014184397167,0.0029577464788732395,0.003006993006993007,0.003986013986013986,0.01097902097902098,0.010833333333333332,0.010689655172413793,0.01054794520547945,0.01040816326530612,0.010270270270270271,0.010134228187919462,0.01,0.009867549668874173,0.009736842105263157,0.009607843137254901,0.00948051948051948,0.00935483870967742,0.009230769230769232,0.009108280254777069,0.008987341772151899,0.008867924528301886,0.008749999999999999,0.008633540372670808,0.008518518518518517,0.008404907975460124,0.008404907975460124,0.008292682926829267,0.00818181818181818,0.008072289156626505,0.007964071856287424,0.007857142857142856,0.007751479289940829,0.007647058823529411,0.007543859649122806,0.007543859649122806,0.007441860465116279,0.007341040462427744,0.007241379310344827,0.0071428571428571435,0.0028571428571428567,0.0027272727272727275,0.0027272727272727275,0.0025988700564971746,0.0024719101123595495,0.002346368715083799,0.0022222222222222227,0.0020994475138121534
0,0,0,0,0,0,0,0,0,0,0,0,0,0,0,0,0,0,0,0,0,0,0,0,0,0,0,0,0,0,0,0,0,0,0,0,0,0,0,0,0,0,0,0,0,0,0,0,0,0,0,0,0.0029078014184397167,0.0029577464788732395,0.003006993006993007,0.003055555555555556,0.003888888888888888,0.010833333333333332,0.010689655172413793,0.01054794520547945,0.01040816326530612,0.010270270270270271,0.010134228187919462,0.01,0.009867549668874173,0.009736842105263157,0.009607843137254901,0.00948051948051948,0.00935483870967742,0.009230769230769232,0.009108280254777069,0.008987341772151899,0.008867924528301886,0.008749999999999999,0.008633540372670808,0.008518518518518517,0.008404907975460124,0.008292682926829267,0.008292682926829267,0.00818181818181818,0.008072289156626505,0.007964071856287424,0.007857142857142856,0.007751479289940829,0.007647058823529411,0.007543859649122806,0.007441860465116279,0.007441860465116279,0.007341040462427744,0.007241379310344827,0.0071428571428571435,0.007045454545454544,0.0027272727272727275,0.0025988700564971746,0.0025988700564971746,0.0024719101123595495,0.002346368715083799,0.0022222222222222227,0.0020994475138121534,0.0019780219780219793
0,0,0,0,0,0,0,0,0,0,0,0,0,0,0,0,0,0,0,0,0,0,0,0,0,0,0,0,0,0,0,0,0,0,0,0,0,0,0,0,0,0,0,0,0,0,0,0,0,0,0,0,0.0029577464788732395,0.003006993006993007,0.003055555555555556,0.0031034482758620693,0.0037931034482758617,0.010689655172413793,0.01054794520547945,0.01040816326530612,0.010270270270270271,0.010134228187919462,0.01,0.009867549668874173,0.009736842105263157,0.009607843137254901,0.00948051948051948,0.00935483870967742,0.009230769230769232,0.009108280254777069,0.008987341772151899,0.008867924528301886,0.008749999999999999,0.008633540372670808,0.008518518518518517,0.008404907975460124,0.008292682926829267,0.00818181818181818,0.00818181818181818,0.008072289156626505,0.007964071856287424,0.007857142857142856,0.007751479289940829,0.007647058823529411,0.007543859649122806,0.007441860465116279,0.007341040462427744,0.007341040462427744,0.007241379310344827,0.0071428571428571435,0.007045454545454544,0.006949152542372881,0.0025988700564971746,0.0024719101123595495,0.0024719101123595495,0.002346368715083799,0.0022222222222222227,0.0020994475138121534,0.0019780219780219793,0.0018579234972677591
0,0,0,0,0,0,0,0,0,0,0,0,0,0,0,0,0,0,0,0,0,0,0,0,0,0,0,0,0,0,0,0,0,0,0,0,0,0,0,0,0,0,0,0,0,0,0,0,0,0,0,0,0.003006993006993007,0.003055555555555556,0.0031034482758620693,0.00315068493150685,0.0036986301369863004,0.01054794520547945,0.01040816326530612,0.010270270270270271,0.010134228187919462,0.01,0.009867549668874173,0.009736842105263157,0.009607843137254901,0.00948051948051948,0.00935483870967742,0.009230769230769232,0.009108280254777069,0.008987341772151899,0.008867924528301886,0.008749999999999999,0.008633540372670808,0.008518518518518517,0.008404907975460124,0.008292682926829267,0.00818181818181818,0.008072289156626505,0.008072289156626505,0.007964071856287424,0.007857142857142856,0.007751479289940829,0.007647058823529411,0.007543859649122806,0.007441860465116279,0.007341040462427744,0.007241379310344827,0.007241379310344827,0.0071428571428571435,0.007045454545454544,0.006949152542372881,0.006853932584269662,0.0024719101123595495,0.002346368715083799,0.002346368715083799,0.0022222222222222227,0.0020994475138121534,0.0019780219780219793,0.0018579234972677591,0.0017391304347826077
0,0,0,0,0,0,0,0,0,0,0,0,0,0,0,0,0,0,0,0,0,0,0,0,0,0,0,0,0,0,0,0,0,0,0,0,0,0,0,0,0,0,0,0,0,0,0,0,0,0,0,0,0.003055555555555556,0.0031034482758620693,0.00315068493150685,0.0031972789115646263,0.0036054421768707476,0.01040816326530612,0.010270270270270271,0.010134228187919462,0.01,0.009867549668874173,0.009736842105263157,0.009607843137254901,0.00948051948051948,0.00935483870967742,0.009230769230769232,0.009108280254777069,0.008987341772151899,0.008867924528301886,0.008749999999999999,0.008633540372670808,0.008518518518518517,0.008404907975460124,0.008292682926829267,0.00818181818181818,0.008072289156626505,0.007964071856287424,0.007964071856287424,0.007857142857142856,0.007751479289940829,0.007647058823529411,0.007543859649122806,0.007441860465116279,0.007341040462427744,0.007241379310344827,0.0071428571428571435,0.0071428571428571435,0.007045454545454544,0.006949152542372881,0.006853932584269662,0.006759776536312849,0.002346368715083799,0.0022222222222222227,0.0022222222222222227,0.0020994475138121534,0.0019780219780219793,0.0018579234972677591,0.0017391304347826077,0.0016216216216216224
0,0,0,0,0,0,0,0,0,0,0,0,0,0,0,0,0,0,0,0,0,0,0,0,0,0,0,0,0,0,0,0,0,0,0,0,0,0,0,0,0,0,0,0,0,0,0,0,0,0,0,0,0.0031034482758620693,0.00315068493150685,0.0031972789115646263,0.003243243243243243,0.003513513513513514,0.010270270270270271,0.010134228187919462,0.01,0.009867549668874173,0.009736842105263157,0.009607843137254901,0.00948051948051948,0.00935483870967742,0.009230769230769232,0.009108280254777069,0.008987341772151899,0.008867924528301886,0.008749999999999999,0.008633540372670808,0.008518518518518517,0.008404907975460124,0.008292682926829267,0.00818181818181818,0.008072289156626505,0.007964071856287424,0.007857142857142856,0.007857142857142856,0.007751479289940829,0.007647058823529411,0.007543859649122806,0.007441860465116279,0.007341040462427744,0.007241379310344827,0.0071428571428571435,0.007045454545454544,0.007045454545454544,0.006949152542372881,0.006853932584269662,0.006759776536312849,0.006666666666666666,0.0022222222222222227,0.0020994475138121534,0.0020994475138121534,0.0019780219780219793,0.0018579234972677591,0.0017391304347826077,0.0016216216216216224,0.0015053763440860228
